PRR (Hz),PW (us),pos Delay (us),pos PW (us),pos Setpoint (V),y1,dep_rate_A_per_s,Ipk (A),BatchNr,FitNr
576.5812001453,267.2328388236,33.2958387657,17.0747840233,56.2644998837,2.4004506594,2.8046865504429603,0.0857110875,1,1.0
235.8329737035,108.5511629574,7.9234465526,6.8419778976,79.6273231485,1.8310702189,2.1394224437627605,0.5039317983,2,2.0
686.516472511,150.2529939637,3.6718008379,5.1050518081,9.0675170533,2.4780487805,2.8953521951362005,0.1367942613,3,3.0
232.2236539796,114.33646027,38.6123201023,33.1305763125,7.539110817,1.8539386805,2.1661419542962004,0.4909416914,4,4.0
202.9459232464,292.0997343957,6.7264079656,4.1403185204,12.2446511872,2.2677435512,2.6496315652220805,0.2562796269,5,5.0
675.5045918748,111.7132596672,3.0560244061,38.7022938952,68.3676849119,2.2842619746,2.6689316911226406,0.2000004103,6,6.0
704.6612426639,275.8458252996,3.0763996039,15.9538242966,98.0358222499,2.3550120935,2.7515961300454004,0.0658007963,7,7.0
768.1192150339,103.9402326569,35.8929318627,0.3159876168,59.7265562043,2.2624411024,2.6434361840441603,0.188747941,8,8.0
325.4514407367,240.3410477564,14.6593616563,34.6624318883,7.0137813687,2.2712369598,2.65371326383032,0.1783558555,9,9.0
778.86500936,133.1030452624,39.3448534105,39.1863635555,64.2418020405,2.4026321201,2.80723536912484,0.134199614,10,10.0
374.6563756838,195.1392171904,24.5788710248,37.733662203,99.1312370636,2.2014465447,2.5721701428274804,0.1913425884,11,11.0
296.0243880749,118.4588188305,39.3124705674,7.1335396543,85.84816847,1.9618290704,2.2922010858553605,0.3844430587,12,12.0
788.79052829,256.2576454133,33.2933294284,6.2223309278,5.7732113637,2.3399198932,2.73396240321488,0.0605980054,13,13.0
442.8382350132,103.8089720532,6.5261795134,5.9879515693,12.5655370764,2.1236163227,2.48123331144268,0.3143066033,14,14.0
202.5731587783,226.2124767527,36.0818769233,3.8912153244,83.2518370822,2.0048043926,2.3424134523138402,0.2926553004,15,15.0
258.7645005435,100.7868858054,5.1219419977,39.5510719717,45.636237599,1.8020667318,2.1055347694351205,0.5013304029,16,16.0
798.4863243997,295.6392547116,34.5076910281,25.9624989331,95.0987804681,2.3777588131,2.77817339722604,0.0510696776,17,17.0
781.7078223452,284.8596023396,2.1815808639,31.3863181323,4.1317699477,2.3210170838,2.7118763607119205,0.0553952145,18,18.0
369.0868675709,204.8190739006,2.0726703382,1.1414805427,6.5712728538,2.2863572433,2.67137980307172,0.1818210087,19,19.0
226.3644924387,275.0253161415,6.9745946778,36.2520009652,80.9212039225,2.2017141815,2.5724828496646,0.2320437988,20,20.0
331.1594743282,298.9613400772,37.22992612,2.1547184885,82.2143092752,2.4047749726,2.80973907798584,0.1489172365,21,21.0
647.266019322,153.8242354989,34.9787228871,5.3046932444,91.3667112589,2.2570508693,2.63713823569012,0.1376681412,22,22.0
509.2142283916,278.0705168843,20.7733921865,29.5767602697,0.7510318421,2.3178089205,2.7081279427122005,0.1004185878,23,23.0
590.9484019503,186.4206140861,39.505577317,22.6944451034,0.7197067142,2.3701399689,2.76927153966276,0.1203423752,24,24.0
526.6151331365,272.541802749,5.5128595782,34.9732127786,96.2512373924,2.349990268,2.7457286291312,0.0943621613,25,25.0
786.8164828047,222.7547043934,36.3847594019,31.0347310454,86.4267576486,2.3965540818,2.8001337891751206,0.0727277287,26,26.0
447.505357489,112.0443189517,9.4877701481,25.2365273237,97.9419090785,2.1654414036,2.53010173596624,0.2874558836,27,27.0
482.0067293942,297.4622633308,4.8851134009,2.1112409979,47.5657816045,2.3538081622,2.7501894567144802,0.0969534346,28,28.0
772.3392277956,103.1744826585,25.9131489093,3.9167908952,17.8390066139,2.285155486,2.6699756698424,0.1939406097,29,29.0
797.0708014444,141.7567165568,8.4084790507,9.1277996823,80.6536724791,2.3012079832,2.68873140757088,0.1220698907,30,30.0
421.0489865392,182.4510877952,38.5007289881,5.0408916548,77.8841859661,2.2831820474,2.6676699041821603,0.180086745,31,31.0
552.6641659439,103.2804382965,35.9688975397,23.9760706574,90.266195219,2.16357015,2.52791536326,0.2632099333,32,32.0
659.1814417392,290.3316318989,10.5924992631,16.2947448716,3.2896001823,2.3231707317,2.7143926829182803,0.0675316859,33,33.0
249.0571631119,234.4814101234,37.6461632862,18.461872153,4.0142712183,2.1506933366,2.51287009448344,0.2372432156,34,34.0
557.0615945384,162.7992726862,3.5711467471,0.837091729,87.3682654463,2.2905312684,2.6762567339985606,0.150648126,35,35.0
219.9583379552,105.4118480533,14.1861627013,4.2325857654,6.5249828622,1.6920254875,1.9769625795950003,0.5584834994,36,36.0
690.8405158669,201.2450603768,19.792658756,38.8494675606,33.8950634934,2.3857462785,2.7875059517994005,0.095222545,37,37.0
204.1478708386,259.002584964,2.3546598954,2.0332069695,63.9995146543,2.0663797677,2.41435812058068,0.2658079547,38,38.0
388.1922194734,165.007410571,29.0601012716,38.8979522139,1.4551903121,2.2039738431,2.5751230382780403,0.2103958699,39,39.0
537.3860044405,102.6681767777,15.0220279279,34.015892297,20.7910915837,2.1706712906,2.5362123359370403,0.2718711293,40,40.0
206.291712448,186.6827862337,6.8956324859,37.1477174759,18.6020273715,1.9099825632,2.23162362684288,0.3385491796,41,41.0
781.4300259575,293.2687327266,30.8727893028,33.5892616212,29.4606196694,2.3435180852,2.73816653074768,0.0545280827,42,42.0
799.3577942252,215.7711805776,7.457744726,1.5689142793,87.7432655543,2.3260999403,2.71781517024652,0.0744518701,43,43.0
243.9429163933,292.7786698565,37.3929553111,30.7233114541,52.7739558369,2.253568214,2.6330691012376004,0.2095287381,44,44.0
733.8711487129,159.1862458736,15.5809738752,36.878978461,1.4999245293,2.3401214627,2.73419791701868,0.1160168383,45,45.0
523.9561470225,104.9081513658,33.0217760233,7.9042568803,8.6805050261,2.1949097079,2.5645325027103603,0.2684093501,46,46.0
530.8870745823,191.2716329098,7.3054328333,39.6639049053,46.2757065892,2.2490158336,2.62775009997824,0.138528525,47,47.0
759.5039116219,295.9183041006,9.273975071,6.1547713727,65.3383956291,2.3928387395,2.7957927832318004,0.0562657204,48,48.0
519.5080023259,293.0566813797,28.8589639794,13.9772179723,94.9428571388,2.3478576522,2.7432368808304806,0.0926278977,49,49.0
200.7104841992,137.7745976672,17.599641935,31.9131017104,98.7799664959,1.7334481933,2.0253608690517204,0.4459183181,50,50.0
298.2566297054,199.567489326,2.9933737889,9.4630148634,81.9267552346,2.2056022409,2.57702565826756,0.2329143046,51,51.0
355.0636339933,287.9892557859,5.5177936396,33.9563050121,30.7439611293,2.3220934084,2.71313393837456,0.1428574359,52,52.0
792.5044495612,109.6124835312,3.4291522875,27.2112375498,96.6940532438,2.3399198932,2.73396240321488,0.1705719134,53,53.0
356.2843374908,285.0980004296,30.3319984623,0.1782721281,10.1677115075,2.3010228067,2.68851504734828,0.1437279418,54,54.0
377.1785523742,284.8305432126,6.4559616838,25.3569452837,98.8781814463,2.3390636099,2.7329619218071604,0.1350701199,55,55.0
630.3156323731,245.1314335689,32.6506054807,38.8064659387,77.601574827,2.3979079775,2.801715680911,0.0857077134,56,56.0
618.9919259399,100.0791825354,5.7342903884,5.6590322778,13.7335509993,2.1978398058,2.5679560290967203,0.2467614213,57,57.0
409.93002709,105.7451082394,4.7801815555,35.2923024446,5.6679694913,2.0476691202,2.3924966000416803,0.3290242258,58,58.0
393.5398373753,118.0699722841,31.6231564488,1.7505405843,4.1359351948,2.0854675265,2.4366602579626004,0.3047816496,59,59.0
445.4204708338,246.1319671944,37.620425262,35.1936450973,31.7382096313,2.3475533087,2.74288128588508,0.1272726816,60,60.0
218.1780194864,265.9192986786,30.2021171004,36.3286004215,2.2552351467,2.1267336034,2.4848755422125604,0.2493594426,61,61.0
765.308550559,299.7260671109,32.3389618951,3.4642574936,5.8931853622,2.3422400414,2.7366732643717606,0.0553952145,62,62.0
629.4988298789,106.343960017,36.5699937334,37.7252053469,39.7982128896,2.2034554082,2.57451729894088,0.2242497346,63,63.0
207.2400582954,291.237843968,29.8904101932,34.9142948166,89.7738653235,2.1564896404,2.51964249584336,0.2415687525,64,64.0
547.291287221,263.539689593,38.7996883988,3.9249237627,16.7479138821,2.3440590215,2.7387985607206002,0.0960863028,65,65.0
704.727730155,280.3176349029,36.665231931,3.0598438531,60.0723325275,2.3135155851,2.7031116096308403,0.0640665327,66,66.0
505.0556153059,298.549631983,32.7966500814,37.8031447157,34.1735861264,2.3245026312,2.7159488742940803,0.0934916555,67,67.0
798.6055256799,119.4822505116,2.6068460485,19.6241099015,21.7462285422,2.2854871277,2.6703631600046807,0.1558475429,68,68.0
261.3706393167,119.7255101055,36.6624717782,1.2223595381,2.9445995577,1.8356637863,2.14478956791292,0.41301792,69,69.0
485.7319824398,111.5165773779,33.3064814154,2.3175553232,98.0945082381,2.1426737576,2.50350001837984,0.2649441969,70,70.0
568.4467464685,256.7992758006,2.7665939927,5.5432142317,98.9224174991,2.3048297805,2.6929631155362004,0.0934950295,71,71.0
774.2937384173,289.3459644169,8.8264300581,38.2739291713,76.5601014718,2.3843328286,2.78585447693624,0.0571328522,72,72.0
313.2726544514,146.8814330176,3.7184698624,1.2346096709,89.822511375,2.0760483298,2.42565486853832,0.2900505309,73,73.0
675.3975214437,158.5334163159,39.824850325,0.3281568736,3.1032440253,2.2627850315,2.6438380308046003,0.1263988017,74,74.0
205.2158158273,115.5857495964,30.828110748,0.1148761064,77.0261419937,1.674544614,1.9565379269976002,0.5221112,75,75.0
707.0151135325,288.3782051504,34.3328791875,34.3684664741,1.3498670422,2.349487231,2.7451408807004003,0.062332269,76,76.0
317.7198788151,101.6429718584,20.2776908455,37.2347923741,88.3141353726,1.8650633181,2.1791399808680403,0.4208119841,77,77.0
740.0674471632,106.2379343435,13.9099722654,36.9699630514,0.0193644315,2.2386000766,2.61558032949944,0.1948077416,78,78.0
308.1594487652,137.6858158037,38.2531397431,39.0532086045,85.7755254954,1.9460777993,2.27379730070212,0.3177650084,79,79.0
798.9127906039,125.7626730949,36.624173318,9.5869826153,6.5930977464,2.3715832206,2.7709578349490402,0.1428574359,80,80.0
200.7193790749,295.20529937,5.8907196163,2.0218626782,75.6114175543,2.1045932153,2.45900671275652,0.2484923108,81,81.0
415.5873479322,135.8048086986,38.4885065658,37.5774981081,59.7598582506,2.2099084808,2.58205706896672,0.2458976635,82,82.0
463.9646492898,185.6307514012,39.6769161173,33.9211165532,99.5575401001,2.2771532755,2.6606258870942003,0.1575851806,83,83.0
554.3446419761,220.5022031441,10.5542214918,0.6481864676,24.2906101048,2.3236079035,2.7149034744494003,0.1116845533,84,84.0
215.6205035746,156.0154115781,3.6897354308,37.6524795964,3.3564057201,1.8665498583,2.18087685443772,0.3792470159,85,85.0
208.5162745789,113.5385794565,6.6884684949,5.2554994822,6.6068217158,1.7434469038,2.03704336239992,0.517782289,86,86.0
678.762024641,159.0952794999,5.1290382068,23.7199039385,89.2753453925,2.3978656451,2.80166621973484,0.1255350439,87,87.0
235.967666842,241.7245252058,34.6314293747,4.6614843234,1.0326922871,2.1187137331,2.47550512575404,0.2476285531,88,88.0
214.031669125,289.1319097951,8.8077399093,30.221808441,3.0062654987,2.2227922676,2.5971104854638405,0.2381035993,89,89.0
334.9651612341,284.5437556505,8.3103672164,2.3566723987,83.5368469357,2.3438314945,2.7385327181738,0.1497877423,90,90.0
778.0796026811,258.2546329126,39.71288215,3.2987835631,85.6997087598,2.4336596542,2.84348793996728,0.0631994009,91,91.0
400.5609218031,217.2087585554,1.6375059439,38.1307218596,88.9058941044,2.2415000928,2.6189687084275204,0.1593126961,92,92.0
440.7876336947,107.1067083627,39.6579260696,34.0387698263,10.7270451263,2.1673288655,2.5323070464502004,0.30305076,93,93.0
735.138325952,231.5883465111,4.2181579154,2.0967214182,17.2753812745,2.355798374,2.7525148201816,0.0761793856,94,94.0
497.5476015359,285.5289751664,39.1729451464,8.5394289345,0.7477963343,2.2599613153,2.64053880079652,0.0986843242,95,95.0
601.395563595,100.1995151863,5.628064503,1.7527053133,70.9546729922,2.2028657617,2.57382835597028,0.2528212218,96,96.0
341.0058585927,281.2607267871,32.621412667,37.6065712422,99.2536487989,2.2816,2.66582144,0.1523823897,97,97.0
579.6324403957,127.0202359185,34.5592825324,36.8135694042,98.1939240359,2.2800201435,2.6639755356654002,0.1974023889,98,98.0
578.6721397191,283.1287326291,29.0243752585,38.3557564765,89.2459660769,2.2932286555,2.6794083610862005,0.0822459343,99,99.0
798.9681569859,200.7866341621,17.0599794802,32.1740358323,20.1499066316,2.3298105683,2.7221506680017202,0.0796445388,100,100.0
410.7572583482,297.9401448742,8.0107802553,37.182415463,2.8274384327,2.2766952455,2.6600907248422003,0.116877222,101,101.0
211.845911853,103.6326922476,19.6164291007,36.5607985482,95.8739059977,1.6301739373,1.90469522834132,0.5801314283,102,102.0
778.5865630955,127.1826090291,32.7596671749,28.5176163539,94.7971236892,2.3184023555,2.7088213121662004,0.1445883255,103,103.0
634.9188607186,295.6308655441,27.5008699838,1.4421873912,87.028429471,2.3042334999,2.6922664212831604,0.0701330813,104,104.0
611.7529511452,198.3541719615,2.0304326033,31.0237758979,2.8342595324,2.3777588131,2.77817339722604,0.1116879273,105,105.0
205.4803151637,278.8191862404,34.2981880838,39.4960066304,80.1965234801,2.0308227115,2.3728132561166,0.2536883536,106,106.0
633.8213376701,123.9504570141,3.1264113681,39.6265032515,5.246721115,2.2741841303,2.6571567378425205,0.1861431715,107,107.0
744.5620203391,108.4040567279,3.6993979556,1.4346168935,76.025811024,2.2304360795,2.6060415152878003,0.1870170514,108,108.0
673.3604803681,285.7604851946,18.4001937783,39.9538291991,7.429841347,2.4111569698,2.8171958035143203,0.0666645541,109,109.0
445.0889682397,294.2978095263,38.9808181599,36.3945092261,0.5099094473,2.3074727655,2.6960511792102,0.1099536637,110,110.0
270.7401446998,101.1246917769,3.3017892661,18.6351909861,95.2477208339,1.8285773906,2.13650982317704,0.5022009088,111,111.0
434.7497275099,212.2147224844,1.9693297786,9.7602005675,95.3807590529,2.2759561067,2.65922711506828,0.1489172365,112,112.0
208.7883478031,281.572679244,5.6851264015,37.5487979129,90.2878245339,2.1594467299,2.5230975592151603,0.2510869582,113,113.0
319.7464134544,113.2493270561,9.5977510088,27.3378108069,0.898496341,2.0048043926,2.3424134523138402,0.3757784887,114,114.0
611.3812617958,202.9112759978,38.695601068,5.1036263257,90.8900562674,2.2485085637,2.6271574058270803,0.1090831578,115,115.0
635.9092367813,297.2680687904,30.4386411011,39.8054200783,4.2717430741,2.293591692,2.6798325329328003,0.0701297073,116,116.0
643.9128115773,294.9765140191,1.7212664825,34.1641994193,81.9387411699,2.32532838,2.7169136791920003,0.070993465,117,117.0
226.2001065537,203.2118588686,3.7492012894,35.4870757088,92.7078502253,2.0268830442,2.36821014884328,0.2926519264,118,118.0
706.9941341877,102.1305684,30.4984933431,28.3304395527,91.1947458982,2.2722961104,2.6549507753913604,0.2181899341,119,119.0
550.8967354894,138.2180260494,5.7759580859,39.4230311736,76.586053241,2.2396013034,2.6167501628925605,0.1878808092,120,120.0
609.4577172771,126.347373426,39.2688334836,38.0313370377,3.0227121897,2.3,2.68732,0.188747941,121,121.0
319.5621266961,276.388373971,38.5272093732,0.8834047243,94.7517048568,2.217892352,2.5913854240768,0.1662430025,122,122.0
755.6666171178,148.478176631,3.4010631549,37.3867423832,98.1626681052,2.3144272037,2.7041767448030805,0.1238007803,123,123.0
479.7622781247,286.096424982,39.7333900863,9.0291963145,82.2608889081,2.2799531677,2.66389728114068,0.1012890937,124,124.0
340.827890113,285.7725799084,5.4647107082,5.0731151551,5.4804663174,2.3670369886,2.76564601748024,0.1506548741,125,125.0
616.4785267785,287.4485837296,39.8723753737,38.1816462427,85.7895587571,2.427087661,2.8358092231124,0.0753190019,126,126.0
275.4739686847,278.8557542488,39.5420181896,4.9703729153,3.8183815777,2.2064083821,2.57796755364564,0.1913425884,127,127.0
794.4908583537,285.3932755068,11.7082475116,0.4635477811,97.7134384215,2.3174876033,2.70775251569572,0.0553985886,128,128.0
391.0900417715,127.9751067981,3.10536086,2.8927995637,97.3572514951,2.1138584007,2.46983215537788,0.272734887,129,129.0
238.0378002301,161.6933653131,35.8963287808,38.7750499323,9.206270799,1.9681791012,2.29962046184208,0.33681829,130,130.0
542.4394516274,177.3851171136,2.4159796485,4.7990866005,2.1517343819,2.3080609189,2.69673837764276,0.1419936782,131,131.0
204.8708206043,297.9663394392,2.0649124798,2.9102040082,78.7907190621,2.1258598427,2.4838546402106805,0.2450305317,132,132.0
788.7728530914,103.8833761588,36.2323410888,30.425131768,27.2871404886,2.2841899477,2.66884753489268,0.1904788306,133,133.0
698.5133217648,274.6298028156,1.6137240035,1.068380326,5.3771069273,2.2994159472,2.6866375927084802,0.0666679281,134,134.0
209.5802348107,148.3461214229,38.6210742891,21.7869161069,76.3179414906,1.7988299292,2.10175288927728,0.4034895922,135,135.0
202.6764629409,108.3168569952,2.3444436118,34.3473488092,97.826031968,1.6647827119,1.9451321205839602,0.5827294497,136,136.0
226.5617365018,293.8181143254,29.8484680904,17.2497551143,94.5044119842,2.2199313557,2.5937677959998804,0.2268443819,137,137.0
792.045471631,272.0370767638,2.7584007718,35.8149219304,88.395483233,2.3870879869,2.7890736038939603,0.0588637418,138,138.0
210.9822640195,106.1459094286,37.0772948228,30.5168172345,77.360564936,1.6657320724,1.94624135339216,0.5576197417,139,139.0
293.9637575299,107.196451351,37.437666961,39.3391940743,93.8759841956,1.9243651047,2.2484281883314803,0.4303403119,140,140.0
309.115550667,278.1240031123,4.5111174118,39.8186967894,11.2035352737,2.2476202296,2.6261194762646403,0.1697014076,141,141.0
771.7388695106,280.8463729918,39.7369387466,36.2914790958,1.0836815462,2.3852749424,2.7869552427001603,0.0605980054,142,142.0
204.5632064342,200.6525082514,6.8359516351,17.046302557,90.6851352192,1.9978341408,2.3342694101107204,0.3195026461,143,143.0
675.5825486034,203.5069027916,39.188328519,25.8816012368,97.5083709694,2.42004971,2.827586081164,0.0960863028,144,144.0
205.3766416386,175.4525793716,22.4119034214,4.5829059929,4.712799564,1.8850065053,2.20244160079252,0.3593232285,145,145.0
438.6477522552,195.9353592247,1.8230997669,37.9347430542,26.2973593548,2.261937176,2.6428473964384,0.1584489383,146,146.0
320.2178519219,265.3050906956,39.5045382124,39.2854164913,37.3562472872,2.2917293233,2.67765654134372,0.1697014076,147,147.0
449.5615674183,251.2845376506,1.952926843,0.3149939328,7.010190282,2.3193277311,2.70990252101724,0.1229403966,148,148.0
760.7191529125,291.2215504795,2.0939723039,1.2676747143,44.7929625399,2.3718420536,2.7712602554262404,0.0571294782,149,149.0
607.5061788782,275.2473423257,17.7392808041,1.1755578592,0.8366631344,2.3610400108,2.7586391486187205,0.0796445388,150,150.0
782.0896169171,158.4759877995,37.4892121037,3.6502554268,16.5249734186,2.3988608517,2.80282901912628,0.109089906,151,151.0
279.2380981147,106.7298416048,37.8358698548,1.8201194331,16.9208916835,1.8656589312,2.1798358952140804,0.4433236708,152,152.0
786.1747436225,102.0735502243,5.650093555,36.0391625389,25.0313910656,2.2534233365,2.6328998263666,0.1939439838,153,153.0
314.9228405207,101.7120767385,39.8592568762,2.6906234026,66.6409146972,1.8070835696,2.11139644272064,0.4268684106,154,154.0
798.0978695676,239.7201808169,38.2534468132,34.3728429824,86.4714182913,2.4169491525,2.8239633897810004,0.0658007963,155,155.0
510.418292135,113.1456688046,3.4137981017,39.9136225134,67.4143746495,2.1095329803,2.4647783341825202,0.2493628167,156,156.0
226.2361364439,292.869518511,38.6695843358,6.1888119206,11.2788242288,2.1249867996,2.48283457665264,0.2285853937,157,157.0
566.8312681839,162.264678441,38.2432407127,3.333367072,4.1196933016,2.3216320042,2.7125948337072803,0.1489206105,158,158.0
788.4170072153,106.0965679586,38.7768695843,1.4456767216,64.2150526866,2.3115273015,2.7007884990726003,0.1852895359,159,159.0
787.3409625143,210.4837231338,8.2436061483,39.669799991,91.1551963538,2.2684442143,2.6504502199881204,0.078777407,160,160.0
384.6362132579,100.3813471645,39.50054164,26.166321598,93.6807732098,1.943877551,2.2712265305884003,0.3705858199,161,161.0
656.2319170684,107.8296359628,33.0758885932,3.5054289177,21.9118317589,2.1532035137,2.5158029854070803,0.2147247809,162,162.0
231.6699627787,298.9376928657,28.8299818551,37.5631010905,9.188547451,2.2210112787,2.59502957803308,0.2181899341,163,163.0
790.2388149872,265.4835350811,37.0440971898,38.5109979287,8.70168861,2.4904015402,2.9097851595696804,0.0597308736,164,164.0
208.2340665162,161.1174710095,39.6549636535,4.7892380133,6.835748069,1.8902202275,2.208533313811,0.3853068165,165,165.0
797.1463687718,263.693629019,2.8687482593,1.3472891226,26.750925649,2.3698194848,2.76889708604032,0.05799661,166,166.0
200.1663628966,238.6271512136,5.1797047718,2.3313961923,6.7973111756,2.0811537578,2.43162005061352,0.2831269726,167,167.0
218.0053880438,126.6296805814,7.8227146687,38.6218910292,1.9768139347,1.842433491,2.1526992908844003,0.4537090082,168,168.0
413.8858433813,103.8141392171,21.1934425579,0.4388137907,88.9422585256,2.0516242318,2.39711775243512,0.3376786737,169,169.0
765.4904199764,149.2348305881,10.7670732355,0.6844075769,1.947757788,2.3302752294,2.7226935780309605,0.1220665167,170,170.0
384.3934621662,111.4715307951,5.1904200623,0.9339057654,96.7382053845,2.0124009645,2.3512892869218,0.3298913576,171,171.0
381.919654645,154.3612783775,2.3301049015,36.2920646742,96.3923953474,2.1232055243,2.48075333459212,0.2337814365,172,172.0
648.6554544419,202.1918255836,5.1909355628,6.6769182682,99.9300207011,2.3993428708,2.8033922102427202,0.1012857196,173,173.0
481.2143573537,195.99816259,26.7315443433,0.651835762,67.0851728879,2.285155486,2.6699756698424,0.1471863469,174,174.0
631.683254987,114.567810297,39.3948142594,37.8503069654,86.7421887815,2.1991341991,2.56946839822844,0.2026051798,175,175.0
781.0209890828,294.7339296341,36.8952637874,37.9031984508,93.3095376939,2.2787673905,2.6625118190602004,0.0553952145,176,176.0
443.1445427239,295.0091516599,38.7618933558,38.1608219445,70.637967065,2.3236327478,2.7149325025295203,0.1090831578,177,177.0
200.5890432745,274.0650208667,37.1715201982,37.6808384806,99.6061017737,2.0679646018,2.4162098407431203,0.2614824178,178,178.0
379.6773122624,204.6302212402,33.9408518663,8.7855929509,4.8530089669,2.3431491784,2.7377355000425605,0.1774954717,179,179.0
487.5652097166,176.3311365619,2.4679467436,0.2686702088,96.3376672007,2.2801636764,2.6641432395057603,0.1584489383,180,180.0
202.9985174537,222.4771540612,39.8928472032,36.4308045432,39.1601352021,1.9802271058,2.3136973504167204,0.2961170796,181,181.0
545.3556191176,103.3685933799,38.1205377416,0.0506780297,68.5013741255,2.2138255608,2.5866337852387202,0.2623461755,182,182.0
629.0156209841,299.6543897316,10.502801307,5.7420578599,74.5785027742,2.299124032,2.6862965189888,0.0701330813,183,183.0
447.9137411341,194.4103781134,36.527498553,3.5673981905,3.5931601189,2.2845597341,2.6692795933224405,0.1567146747,184,184.0
407.7072424814,293.4197999537,33.7556862705,3.7273776904,84.4643043354,2.3045364892,2.6926204339812805,0.1220698907,185,185.0
795.4204689711,106.2590194866,2.9873984,30.8092219755,74.7413594276,2.3071151188,2.6956333048059204,0.1818243827,186,186.0
552.022488229,298.7320043147,37.5270781056,38.1323708594,0.1497455873,2.3757313394,2.7758044969549602,0.0857043394,187,187.0
402.9380362481,298.3584249392,9.8369612992,5.0551347807,8.2956474274,2.2675637211,2.6494214517332404,0.1194752434,188,188.0
291.5216051042,216.8997094035,38.0547932964,29.2301127687,90.1356345974,2.1638372739,2.5282274708247603,0.2164624185,189,189.0
205.1520641893,294.2070493475,39.3347425433,9.4114538282,9.9627471529,2.1791731427,2.54614589993068,0.2458976635,190,190.0
436.2332640216,278.750419803,4.7584870392,36.7482928932,90.2599986643,2.3793103448,2.77998620686432,0.1160168383,191,191.0
388.1221942604,296.17246259,37.2955684476,35.5292233452,99.6684798971,2.3810882413,2.78206350113492,0.1290001972,192,192.0
289.2896909267,226.5087742358,37.9794158358,0.2468974143,98.0277992785,2.2273029148,2.60238072565232,0.2129972653,193,193.0
285.5137692764,191.2103200331,10.3418873283,1.0810088739,14.4455906004,2.1332469521,2.4924857388336403,0.2510903322,194,194.0
682.7734503895,210.7147783041,35.3811909859,0.1119394228,95.8077566698,2.4430325105,2.8544391852682005,0.0909003822,195,195.0
792.2465339303,296.9428399578,2.4892842066,38.1577280164,47.211071942,2.3526411169,2.7488258809859603,0.0519334354,196,196.0
677.03148406,208.0879105255,3.9784650044,39.6920999512,24.8505499214,2.2463470905,2.6246319405402003,0.0909003822,197,197.0
282.2051761672,202.433475107,39.4237976745,38.9605311677,11.9506418705,2.16357015,2.52791536326,0.2346418202,198,198.0
639.7470409051,101.4600433409,36.9921078281,0.0458112359,3.1701210886,2.2466443369,2.6249792432339603,0.2346485683,199,199.0
799.5787993073,160.9068542719,28.2042607842,0.2627065778,67.5125027075,2.3985219652,2.8024330641396804,0.1030199833,200,200.0
216.6390925646,297.4863640964,3.5825301409,39.1414006799,76.7115697265,2.1148787257,2.4710243031078805,0.2346451942,201,201.0
227.6469839737,101.5222970396,29.7797237597,4.791174531,8.779725153,1.6864739023,1.97047610744732,0.5532908307,202,202.0
235.7867943123,189.2198886722,36.511404803,39.840544425,96.5582578443,2.0392072965,2.3826098052306,0.3013198704,203,203.0
767.1695197001,113.2478591055,1.792748556,1.1151499674,67.6454100758,2.3222671026,2.7133368826778406,0.1748940763,204,204.0
553.8157723844,101.4961890876,7.34100316,38.948610276,24.6026345529,2.0949968188,2.44779428308592,0.2692731079,205,205.0
482.8861435875,298.6085429788,10.9148989432,33.0071039498,8.6300355382,2.3854320337,2.78713878817508,0.0978239405,206,206.0
568.4637449682,298.3054557815,4.0895395065,35.3550672159,97.4666706286,2.3379689845,2.7316829614898,0.0805082966,207,207.0
609.585066326,111.5542016923,2.5005673114,24.5056476444,97.6727078669,2.1892051979,2.55786735322636,0.2173228023,208,208.0
211.8678707629,117.9736459628,1.6118623284,0.3252693266,32.040917594,1.7061915888,1.9935142523539202,0.5004700192,209,209.0
771.6708118096,101.8765935674,35.6633553407,0.9808770195,84.4419430941,2.2911301392,2.6769564546412803,0.1913459624,210,210.0
668.3981388807,105.3681924939,23.0893748025,38.2287938893,5.6010326371,2.3043898715,2.6924491258606005,0.2190536918,211,211.0
510.2245438844,223.8137848675,10.1573023475,38.4793255106,2.8979414143,2.2847662903,2.66952093358652,0.1220698907,212,212.0
794.8085939512,105.0838090479,15.0087765125,1.7602614313,75.6727910601,2.2142315687,2.58710816486908,0.1826881405,213,213.0
685.068959184,299.5188493282,7.033624385,30.7663265243,3.5623019561,2.3431491784,2.7377355000425605,0.0640665327,214,214.0
699.2756642401,227.2708430886,35.3044999796,0.5686174333,2.9598751105,2.3509054326,2.74679790744984,0.0822425602,215,215.0
736.0361412168,135.2963576093,37.259423709,38.826219812,99.3046643212,2.3340894445,2.7271501069538004,0.1420004263,216,216.0
525.0727612525,100.4171699286,39.9786089682,17.9711880162,98.5332238488,2.1558478662,2.51889264686808,0.2848646103,217,217.0
363.2335158065,160.4194844142,4.6190198483,2.4496538565,8.8722328655,2.1443609023,2.50547127824732,0.2320471728,218,218.0
735.5885101482,101.5985043719,29.8634500201,38.3232550696,11.3878768869,2.2383141762,2.61524628347208,0.200864168,219,219.0
784.4353931025,107.3012942448,7.8155173459,3.3335350081,16.5544062853,2.2519522507,2.6311810097178805,0.1809538768,220,220.0
500.9311081842,180.1698865369,36.6341804541,3.1437422335,93.1761583313,2.3838411317,2.78527997827828,0.1523857637,221,221.0
391.9247860089,237.6320457086,39.9694314664,31.3131208345,1.7962453887,2.42004971,2.827586081164,0.1480534787,222,222.0
798.9737315103,196.1199883372,12.9900156218,8.0389589816,0.3726209514,2.311006189,2.7001796312276003,0.0813788025,223,223.0
790.1167079806,143.5943419114,1.6536283069,1.7459427565,98.2165560126,2.2192512714,2.5929731855037605,0.1194752434,224,224.0
574.0724580362,293.0797664449,37.5114538171,2.0375280455,97.5050572306,2.2748649667,2.6579522270922804,0.0813754284,225,225.0
660.0758472458,292.1462113038,37.3546446241,2.0486222208,78.9254923351,2.296791376,2.6835710437184,0.0684021917,226,226.0
790.3506312519,298.6163606867,38.9425305282,3.9350162446,45.3085197136,2.2738652772,2.6567841898804803,0.0519334354,227,227.0
401.4820823446,133.6463255808,3.4874029174,30.3610221669,2.0076321438,2.0504047552,2.3956929159756806,0.2588810223,228,228.0
588.5876981542,207.4712455273,2.0584393032,3.9387057349,6.166377943,2.4165460186,2.82349236813224,0.1073522683,229,229.0
324.271948263,297.3168954253,38.9941063994,37.5325286388,74.1669458337,2.3104165338,2.69949067809192,0.1489172365,230,230.0
787.2653124854,203.4941812977,38.6919283462,3.683388494,61.5276694298,2.344817764,2.7396850754576003,0.0813754284,231,231.0
498.0182873085,190.8048879355,38.4844524446,27.8325028345,1.6284338199,2.3447722256,2.73963186839104,0.1445916995,232,232.0
212.3278992251,102.2691115737,30.6928833402,0.0419701636,15.7397748902,1.6553482881,1.93410893981604,0.5801314283,233,233.0
799.2640884593,119.840991497,37.5244511575,38.2546326146,5.2263747901,2.4085755514,2.81417967425576,0.1497809942,234,234.0
359.8641773686,112.0424000546,10.16155174,0.1871636137,17.548494041,1.9479826609,2.2760229409955604,0.3480707593,235,235.0
216.8236039579,109.3852728605,10.9057475445,39.5897517353,1.5374720097,1.707771011,1.9953596492524002,0.5402973497,236,236.0
353.1440351158,299.8056173325,35.526854259,3.4003376216,99.5420293882,2.3585596145,2.7557410535818,0.138531899,237,237.0
600.9706849232,293.8326204196,39.5816646172,6.4062906429,17.6775720902,2.3492281749,2.7448381995531603,0.0753156279,238,238.0
604.1198894382,111.8957482278,4.3880028147,0.1360892877,28.5554212518,2.2367936763,2.6134697313889204,0.21818656,239,239.0
799.3673775345,298.6465414986,10.5403086781,35.1828023046,21.5988227166,2.3316853354,2.7243411458813602,0.0519334354,240,240.0
625.329374522,189.0713267028,39.9233889524,38.4405967966,32.2224509902,2.323478722,2.7147525387848,0.1151463324,241,241.0
369.2491836846,103.5487074405,34.1305878367,37.6614696532,49.8163383454,1.9610395236,2.2912785793742403,0.3714529518,242,242.0
784.6458230168,291.1063814536,39.5677557834,0.6494827196,61.4747172222,2.3301852805,2.7225884817362003,0.053667699,243,243.0
254.1413847357,100.3765363246,33.9615867706,28.3383980766,1.8807103857,1.7958807255,2.0983070396742,0.5143205098,244,244.0
417.8531289101,103.3396806568,39.4541038503,37.0875205472,33.0643136986,2.0193120366,2.3593641835634402,0.3376820477,245,245.0
725.2803422511,196.6017602012,39.8598432639,39.1081851721,27.573821228,2.3158823529,2.7058769411283605,0.0900366244,246,246.0
202.6322953403,172.5703487173,38.822269883,38.0158507451,95.8912109956,1.8627836531,2.17647642028204,0.3636622616,247,247.0
421.4835507795,101.563196443,1.5541240438,10.7371283695,19.5217657834,2.1324933765,2.4916052611026,0.3333531368,248,248.0
206.6130796447,104.0037870407,38.2045409889,27.6627001166,11.6686239839,1.6343470806,1.9095711289730402,0.6009122254,249,249.0
546.574363485,291.7614135891,2.4679753566,36.3392676041,20.351944305,2.3782271832,2.77872064085088,0.0883057348,250,250.0
225.9600276127,112.2603438795,24.9484316367,1.7054794356,95.1552032493,1.7762063554,2.07531950564936,0.5160513994,251,251.0
501.2079294771,102.0260807127,7.1757548461,33.8655215874,89.5857154392,2.0919073765,2.4441845787026004,0.2952499477,252,252.0
526.1990079656,293.5251137242,6.9844130683,0.7248861715,81.3040021807,2.3995071194,2.80358411830696,0.0909003822,253,253.0
786.031627655,248.2106024399,4.6425172719,33.3980767056,8.2155408338,2.3807282766,2.7816429183794407,0.0658007963,254,254.0
284.7207646817,224.9244913459,4.1855804822,39.139598757,81.2111160718,2.1791949943,2.5461714313401203,0.2173228023,255,255.0
627.769671753,292.9497195408,3.1551547279,0.7861352712,53.8427268155,2.3903121494,2.7928407153589605,0.0727243546,256,256.0
793.5215778649,191.5590940043,19.5774659077,35.1791777834,99.1564872675,2.4008219178,2.8051203287575204,0.0865714712,257,257.0
283.2078574225,292.7910029888,3.0094856103,13.6253939196,3.7767530419,2.201802014,2.5725854731576003,0.1783558555,258,258.0
311.70232445,269.1767161712,1.5808567828,1.397411786,0.8135615848,2.2889534884,2.67441325584656,0.1731699348,259,259.0
793.5120487586,295.4404527321,1.5040223887,38.0300689116,75.5662063137,2.321969357,2.7129889967188,0.0536643249,260,260.0
606.222134456,254.6021915972,3.6689449497,39.687869288,14.2255125567,2.3711019414,2.7703955083317604,0.0848439557,261,261.0
389.2683323473,106.9493634626,10.836222487,39.8100895807,11.8376676925,2.0126917093,2.35162899314612,0.3454727379,262,262.0
405.4890735075,124.8741209507,1.8226821171,37.195253484,96.5505310334,2.1649970114,2.5295825081197605,0.2753362825,263,263.0
782.6016053557,240.0908634067,3.8352761483,38.1600749493,93.5348420404,2.3509054326,2.74679790744984,0.0709968391,264,264.0
795.4672634602,102.0467011258,4.5671908702,19.3308255449,99.1574423388,2.2267551949,2.60174076972116,0.1922097202,265,265.0
796.7162631452,194.1827077419,39.8705651877,36.4586848021,92.5446524285,2.2707955429,2.6531975123243603,0.0822459343,266,266.0
204.6910801902,279.0648030117,7.9450458498,38.7780786678,10.5764244683,2.1365186103,2.4963083442745204,0.2554158691,267,267.0
799.7947132215,103.5117480904,1.5992981633,16.3483893871,3.6230476573,2.3978656451,2.80166621973484,0.1852827878,268,268.0
340.7857017592,239.3983749673,2.7184134619,0.7967728376,83.1793001853,2.2095310136,2.58161603629024,0.1714390453,269,269.0
216.9058371335,208.3445966244,3.2732653804,7.2727192938,98.9286370575,1.9804508729,2.31395879989636,0.2978513432,270,270.0
226.9345378503,110.7672413811,36.8345549474,0.309702009,78.0005109496,1.7453091119,2.03921916634396,0.5065331938,271,271.0
574.9396698549,292.9533205926,2.8269224013,36.7552369088,93.063628953,2.3934448617,2.79650097641028,0.0796445388,272,272.0
776.4836614951,190.7971961424,38.7577329217,1.5145549178,87.0412155055,2.4988949882,2.91970890421288,0.0900298763,273,273.0
789.7742792964,159.7499258816,9.4180205967,39.5271738991,5.7370376773,2.3258460155,2.7175184845102,0.1082227741,274,274.0
474.2487482727,262.2989127412,32.330613167,0.6335974485,97.7901215665,2.394415626,2.7976352174184,0.1099570378,275,275.0
776.4708159491,296.8843836337,39.9564111424,8.2884302363,7.9226564616,2.3411802728,2.73543503073952,0.0553952145,276,276.0
395.9314474836,186.4206472412,36.8564671809,1.1052014679,92.9611812346,2.2192512714,2.5929731855037605,0.1844122819,277,277.0
782.4859010056,100.1603152603,28.1114460523,33.0447452143,9.3046427704,2.3407011686,2.73487524539224,0.1991366525,278,278.0
216.7221566662,202.2526828572,30.5410670121,0.1378790289,93.4453981929,2.0172876636,2.35699890615024,0.2995856068,279,279.0
711.0536770895,206.9474795833,4.8769010329,5.5773667619,5.5336280726,2.4257439446,2.8342392248706405,0.0883057348,280,280.0
772.614034079,222.1590802073,3.2845203383,35.2206508443,0.0088153407,2.3696592753,2.7687098972605204,0.0744518701,281,281.0
648.2969537377,296.1751565337,35.8696648134,20.8786114678,98.989594169,2.3654911181,2.7638398223880403,0.0684021917,282,282.0
203.2156847417,111.6911612451,10.2814346789,39.3521026894,19.4891581312,1.6459429001,1.9231196844768403,0.5506928093,283,283.0
675.6620297208,102.0133992657,38.121658239,5.788991861,74.7930381447,2.1836619039,2.5513905685167604,0.222518845,284,284.0
484.5767008141,224.1553336382,39.713697657,36.9756323844,98.9454158582,2.3057492435,2.6940374161054006,0.1281364394,285,285.0
414.0706665814,118.7983706594,39.7557809604,8.7514465302,96.3168650866,2.123334141,2.4809036103444,0.2857283681,286,286.0
633.6252547801,142.1227457002,3.1931718625,35.0305314362,0.2140954137,2.2870745722,2.6722179301584803,0.1558509169,287,287.0
555.7700678706,117.4313910306,6.1713732537,3.4929314628,14.7538704798,2.1864300374,2.5546248556981603,0.2251101183,288,288.0
489.6173778921,265.6626235694,2.8043086827,5.2115260065,9.0205473825,2.3569123185,2.7538163529354005,0.1064885105,289,289.0
215.277745761,177.0952405408,36.5216097203,37.2087624297,3.3305273391,1.8882494005,2.2062305995442,0.336821664,290,290.0
218.877678737,291.8876413256,39.6413421333,9.5077190548,80.739625264,2.2200674226,2.5939267765658403,0.2311834151,291,291.0
502.2437321022,299.6074540541,36.183454053,1.5075146034,48.89701996,2.4816673304,2.8995801088393605,0.0926278977,292,292.0
263.9643806964,282.3011551052,2.5522613996,36.86202012,3.935985174,2.2443334614,2.6222792162997606,0.2000071584,293,293.0
792.9040411487,273.8978989422,2.7344101858,0.5582122877,28.6597210914,2.3783833476,2.77890310333584,0.0562657204,294,294.0
214.6114934236,281.4294835553,2.4233618802,10.5314454064,1.7546448857,2.1014388489,2.4553211510547603,0.2406982467,295,295.0
547.7514145896,244.5613589138,38.4786035554,2.1344178542,4.8264155164,2.3636387366,2.7616754998434403,0.1021528514,296,296.0
744.2143172026,242.6298225299,39.5342927808,34.5811722428,4.2178364471,2.337704918,2.7313744261912003,0.0718605968,297,297.0
212.2825246304,149.9474624172,1.6511958055,27.3716624454,92.7439595573,1.855078105,2.1674732578820004,0.4000311871,298,298.0
797.6440727711,115.1086118072,39.9882169561,34.4408039004,15.9349828959,2.2906906147,2.67644291421548,0.1619174656,299,299.0
203.6246528849,150.6870334968,27.3604352209,3.2688082755,0.5735385232,1.8438716465,2.1543796317706003,0.4095460186,300,300.0
201.2791063637,291.7004298419,24.0287071243,37.5572570786,4.7563255765,2.0673744292,2.41552028307728,0.2588843964,301,301.0
206.5582245588,279.0836203843,35.3260768885,2.037207745,4.2525008321,2.1360146252,2.4957194880836804,0.2554192432,302,302.0
656.9765273482,298.9511579275,35.8453086047,35.8686932176,94.1937483847,2.4512994044,2.8640982241009603,0.0675350599,303,303.0
454.1647007689,208.8998014107,4.2438929635,39.5383576676,87.3327854089,2.4099003094,2.8157275215029607,0.1463225891,304,304.0
481.8985905498,103.2606806606,1.7904939358,3.463149108,72.7262157016,2.0961607463,2.44915421597692,0.2978513432,305,305.0
333.9446209371,287.5016976148,10.6065174574,36.0789092258,90.7823783346,2.2086956522,2.58064000003048,0.1497877423,306,306.0
372.7854248136,200.2669181675,31.8363581821,0.4544117302,1.7312710173,2.2301828705,2.6057456658922002,0.1818243827,307,307.0
446.7154111713,138.0386911333,2.736547342,36.554396078,99.9845535494,2.195574953,2.5653097750852,0.2268545041,308,308.0
644.1104339436,270.6420786679,1.9260421107,2.6941882446,89.1737796366,2.3501173315,2.7458770901246004,0.0753190019,309,309.0
206.5163021907,296.7244118452,34.4364680494,1.4945142344,44.4419268519,2.0962092714,2.44921091270376,0.2415721266,310,310.0
502.1633479744,291.1445198581,3.0785227763,0.2161682397,15.3787276708,2.343755662,2.7384441154808004,0.0960863028,311,311.0
614.2654595897,111.3717850298,2.6657289974,37.1624451503,79.1315847076,2.2908354943,2.67661219154012,0.2181899341,312,312.0
428.2708197832,296.8832097948,39.4433531342,36.2373131141,98.2493664138,2.2906906147,2.67644291421548,0.1142825747,313,313.0
799.1364097223,104.2389445007,28.7896336196,37.481462881,85.4113458656,2.3287270795,2.7208847196878003,0.1852827878,314,314.0
292.5676157698,299.6006125584,7.2077154857,38.7224343047,97.1022595651,2.2065427962,2.57812460308008,0.1697047816,315,315.0
336.9007835165,100.2621471882,7.7053353693,38.9412975684,88.1195657887,1.9745380802,2.3070502929056804,0.4069547454,316,316.0
212.5773636624,105.4541530088,21.7321486995,31.4612011239,98.226352036,1.68443473,1.9680935385320002,0.5662809376,317,317.0
545.5680361018,185.76320149,36.9455104079,0.8178400993,2.2751404904,2.3057101025,2.6939916837610003,0.134199614,318,318.0
320.385812968,296.9779090956,39.9235064164,27.8634957224,13.8196328655,2.2758083366,2.65905446048344,0.1601764538,319,319.0
335.5256177485,257.5991231948,1.7719052592,38.4940509498,16.2376717664,2.2352752407,2.61169559123388,0.1653792447,320,320.0
200.7937343791,281.1944352463,38.9048886616,4.9257783592,78.2646117732,2.1579757434,2.5213788585885606,0.2597447801,321,321.0
378.6379987374,134.2749027535,39.9723636201,29.7593260184,1.966830343,2.250385208,2.6293500770272002,0.2658079547,322,322.0
750.7159091532,286.4962516353,5.1293766508,2.6525138691,88.6613438837,2.3988502601,2.8028166439008406,0.0588637418,323,323.0
718.1222656742,298.6857092008,36.2442781697,33.1830377504,98.6210456118,2.3352933591,2.7285567607724404,0.0605980054,324,324.0
689.1085911542,101.9932676107,13.9784312905,3.5020102933,96.9941609539,2.2035894628,2.5746739283355202,0.2164590445,325,325.0
208.8398311287,287.0357790962,2.4876328623,38.8213238865,82.8468936495,2.0710192024,2.41977883608416,0.25195409,326,326.0
341.6780151427,164.4615124911,2.0400639335,17.9613147676,1.1670590378,2.1604771846,2.52430154248664,0.2407049948,327,327.0
380.2417892963,295.1087111607,4.1822466706,1.591286324,90.3967951424,2.3496447245,2.7453248961058003,0.129867329,328,328.0
567.1895420179,181.342369318,36.3745679306,39.9422736093,13.6252062395,2.3658207343,2.7642249459561206,0.129867329,329,329.0
775.0171754509,234.4653215259,2.3269159836,0.8758065477,94.1115804948,2.3296557225,2.7219697461690004,0.070990091,330,330.0
209.8670825362,127.4826778099,39.8797048614,7.5326409936,99.5744010434,1.7414491081,2.03470913790404,0.4666991152,331,331.0
409.4347152859,100.6154704839,5.5930846874,39.5051022992,25.3921344876,2.0575252407,2.40401249123388,0.3524030443,332,332.0
644.0027941018,223.0753978714,4.1004172242,34.8344247043,78.3565578051,2.3408574863,2.7350578869929203,0.0917607659,333,333.0
795.2917665243,164.2383834347,37.9323139586,37.7810480073,92.8061423823,2.357070809,2.7540015332356003,0.1056213787,334,334.0
799.8958190903,289.9050628766,24.3650055625,26.7843112722,99.1115837358,2.3630219207,2.7609548121458802,0.0545280827,335,335.0
702.668793872,103.6314688623,10.3399559492,0.6670216843,95.9133050404,2.2012057272,2.5718887716604804,0.2138610231,336,336.0
202.2839238867,296.4311210439,6.5569590591,6.4298481122,31.3255976886,2.0934227257,2.44595511270788,0.2502164523,337,337.0
316.6800025851,203.7022495642,39.1067337855,2.6059733331,92.3422310501,2.1985068285,2.5687353784194,0.2129905172,338,338.0
517.1248121187,112.1057758108,38.0452260408,38.4386399016,57.7678451315,2.228125,2.60334125,0.2510903322,339,339.0
252.2727707401,128.0735090375,2.3265738105,1.8474560231,16.1312930286,1.8313479624,2.13974695926816,0.4034929662,340,340.0
517.8803803399,109.5335466787,6.0908518671,39.8245376348,20.0523513369,2.2366003063,2.6132437978809206,0.2571467587,341,341.0
524.9257337302,114.7493639961,2.1376755778,4.4675179198,10.8571330085,2.1598330352,2.5235489183276805,0.2407049948,342,342.0
796.1637426168,216.2247924134,39.4586909339,19.1676194221,7.086829748,2.299853959,2.6871493656956003,0.0744518701,343,343.0
318.4167608619,182.7655240893,37.9955424299,37.320799306,99.1823762655,2.0907642577,2.4428489586966804,0.2320505469,344,344.0
218.229159154,183.8124804199,2.1145677287,7.2747179493,90.0061856955,2.0249566724,2.36595937603216,0.332486005,345,345.0
481.0381283984,225.9883288294,3.1858598725,39.1029796749,87.4873497523,2.3871614051,2.78915938571884,0.1255350439,346,346.0
705.7317692786,113.1935926154,2.095300945,39.9339682236,94.138841331,2.230320197,2.6059061181748002,0.1904720825,347,347.0
763.4837934747,151.9788613543,31.2336566471,0.1849815249,1.1493275873,2.3372523714,2.73084567074376,0.1160134643,348,348.0
516.5992349386,100.9065536782,17.3099749084,1.0378273949,99.536083173,2.1110575765,2.4665596723826,0.2935190582,349,349.0
700.4830170423,293.2248191908,5.3249839921,35.2457390353,0.2596752718,2.395735083,2.7991768709772002,0.0631994009,350,350.0
299.3768911809,283.7288254872,3.2519209613,2.9823572934,91.8871234171,2.310121819,2.6991463333196,0.1740336926,351,351.0
202.7971254662,146.1742890999,39.7955571865,3.6699078977,76.1752598919,1.8837320574,2.2009525358661604,0.4190777205,352,352.0
744.636519812,102.1126126871,38.932558029,23.9581946284,85.1789473556,2.3392146732,2.73313842416688,0.2043326953,353,353.0
684.6349811181,249.4673095644,39.3787811059,37.1704148129,99.1001532413,2.3610400108,2.7586391486187205,0.0761827597,354,354.0
372.7371556684,222.003162466,6.6095442385,38.840287216,4.0195233189,2.1972042876,2.56721348963184,0.1671067602,355,355.0
486.2845269963,122.2193408757,39.1565265059,37.7303910255,95.1257461682,2.1938461538,2.56328984609992,0.2510869582,356,356.0
499.6615650132,116.5782725438,33.1641646829,0.5952329189,2.4889226072,2.2153962837,2.5884690178750804,0.2484956849,357,357.0
445.068026334,287.3831057921,34.9938217788,0.0091840327,20.0735944323,2.2842619746,2.6689316911226406,0.1099570378,358,358.0
442.3385288566,171.6553501785,1.5312003149,2.5181481242,95.595742017,2.2218559838,2.59601653147192,0.1826881405,359,359.0
453.2299816608,137.647725828,39.3305158475,36.4385029301,3.2080344856,2.2543349723,2.6339649816353203,0.2216550873,360,360.0
663.0647098646,282.9251674935,32.290130436,0.8733526245,7.7811063267,2.4253649391,2.8337963948444402,0.0701330813,361,361.0
779.2811769992,295.8587864414,25.8994065905,0.0554652512,9.2762988992,2.3262941554,2.71804209116936,0.0536643249,362,362.0
798.3882896602,135.4463724419,6.8906976357,2.5365037471,3.3936016262,2.3307850708,2.7232892767227206,0.1307344608,363,363.0
232.1842674166,118.4070361778,32.3021862716,39.3787977844,98.4993930906,1.7092700054,1.9971110743093603,0.4597755569,364,364.0
479.9829691648,201.8789136782,3.7951221443,38.3617920429,6.8975589238,2.3578734944,2.7549393908569604,0.1445916995,365,365.0
221.5424321592,104.4206516817,3.8421279276,0.2952959388,4.7341056168,1.6826844607,1.9660485238818801,0.5628157844,366,366.0
451.5695847571,167.6565749571,3.6137378779,0.5710738525,2.8656495735,2.2444169042,2.62237671086728,0.1835485242,367,367.0
669.6738746017,298.4778253362,37.4788105167,39.7334316745,30.4009644315,2.3374233129,2.73104539879236,0.0658007963,368,368.0
694.2322574556,109.2401836067,35.1371903089,3.1939179823,3.6244021729,2.2750697735,2.6581915233574,0.1982695207,369,369.0
359.6330536529,112.1257297695,3.0538353305,38.5761582106,99.8679470271,2.0175123935,2.3572614805654,0.3480741333,370,370.0
648.5166260973,101.8501633778,2.9269089624,38.7955505401,93.5993861407,2.242749226,2.6204281956584,0.2320437988,371,371.0
714.9154204875,103.1679647043,3.7541742185,38.5673722997,92.7268939093,2.1892051979,2.55786735322636,0.2112630017,372,372.0
569.5513449609,284.5596309751,2.3370887381,3.5898249596,99.1166022606,2.241033182,2.6184231698488,0.0848405816,373,373.0
422.6187756285,296.7725925148,4.1592809544,36.998064816,74.8226452619,2.3310850817,2.7236398094582803,0.1168805961,374,374.0
235.0471662357,253.1483374536,1.9233354549,1.9383339956,90.1756275445,2.1467757231,2.5082927548700407,0.2424358843,375,375.0
230.7151081041,118.5002682731,2.6508776192,0.4962238297,92.3683350906,1.7955127548,2.09787710270832,0.4597721828,376,376.0
201.7776262015,249.1195827723,31.3570755534,7.2412147745,4.370002076,2.0753108348,2.42479317938032,0.2753362825,377,377.0
201.6186371446,205.9487465769,11.5108200163,39.8742836714,11.005654186,2.0034293553,2.3408068587325204,0.3143032293,378,378.0
783.697889559,197.572411783,3.4467039392,39.3713299185,45.2077299356,2.3270414391,2.71891521744444,0.0831096921,379,379.0
330.7924810797,132.6386583969,2.9118693047,0.5131906271,97.2472853027,2.0590965165,2.4058483698786,0.3073762969,380,380.0
337.8807956353,291.7238164693,2.4432919985,38.7422817945,92.709168233,2.2900823207,2.6757321835058803,0.1480501046,381,381.0
374.4779048488,284.2733966187,2.6545847268,0.9104832262,10.0360172801,2.4138887038,2.8203875615199205,0.1350701199,382,382.0
621.6511975974,294.7465656325,37.1695939824,3.2096773386,4.4734511524,2.4739495798,2.8905626890383207,0.0744518701,383,383.0
784.1627314687,113.3997909725,2.1897432487,39.920578748,73.4646932222,2.3071151188,2.6956333048059204,0.1688410239,384,384.0
216.0638486966,292.520603165,38.6651458391,38.2601659,71.9625009224,2.1190979989,2.4759541019147604,0.2346485683,385,385.0
235.3027913719,173.4219305217,1.9715795941,30.1389887184,2.2427724674,1.9995436395,2.3362667883918,0.3169046247,386,386.0
752.7802467346,204.2584259063,37.9608892258,0.4767027125,99.4306446053,2.321076578,2.7119458737352002,0.0865748453,387,387.0
343.0055275559,103.8567434996,39.1077822126,7.6837110147,82.0349182002,1.9527927539,2.2816430536567602,0.3939680125,388,388.0
534.8984355107,168.0683365092,36.7380800075,2.1402361989,80.2332062274,2.3331544462,2.7260576549400803,0.1523823897,389,389.0
205.5307541043,227.7609454468,7.8883860754,39.6191160008,40.1812705211,2.0098623853,2.3483232109845202,0.2883230154,390,390.0
474.3821501732,105.8477029204,36.7590750465,0.9496116638,27.2602094337,2.1576457973,2.52099334956532,0.2909244108,391,391.0
711.7067005485,218.9605798572,34.6326707066,39.4935465604,0.4848692566,2.4353505176,2.84546354476384,0.0865714712,392,392.0
485.7263062149,116.0671457648,34.8483200367,36.3100039586,1.6327707097,2.1848473881,2.55277568825604,0.2580206386,393,393.0
208.3642760292,110.9153514728,18.4811201217,6.0045063868,98.284711875,1.6315495495,1.9063024936358002,0.5463638983,394,394.0
201.690520905,100.3607619554,13.6318066702,31.0419996828,72.0577348024,1.6393772065,1.9154483280746002,0.6312179762,395,395.0
364.2141124234,292.2799216583,39.0095050465,1.1680704355,10.9317203052,2.3221182203,2.7131629285985204,0.1367976354,396,396.0
626.6641194001,294.8843935505,5.5970685668,38.7772168219,6.9903125986,2.4171104438,2.82415184253592,0.0709968391,397,397.0
203.2529355958,184.287312068,4.0083168857,5.3840131685,7.6523015276,1.9600738131,2.2901502432260403,0.3446089801,398,398.0
434.0479437262,105.2902521566,4.6777892774,1.3783215731,20.1906199567,2.1472678265,2.5088677284826,0.3229644253,399,399.0
677.3309526965,106.2331371009,6.7618325381,3.4136887267,2.11767992,2.2860496967,2.6710204656242804,0.2129938913,400,400.0
793.9728410915,107.3249625042,10.2027837881,1.3148160651,93.8899590634,2.3033250099,2.69120494156716,0.1878808092,401,401.0
205.3564462811,104.8114744946,36.8353365706,30.6847676262,50.3482808359,1.6135892832,1.8853177184908803,0.6009155994,402,402.0
778.2576214522,109.2960471287,33.7053756472,39.7852400318,16.8965995312,2.3002921377,2.6876613336886805,0.1792263613,403,403.0
211.0011959448,299.9228371307,6.2328595575,17.7275194973,5.6752606295,2.1340639269,2.4934402921899603,0.2372364675,404,404.0
799.0896174684,176.176806353,26.8696596227,2.591675818,99.0591565147,2.4665400042,2.8819053409072803,0.0926245236,405,405.0
679.3154347688,288.2955044508,36.0346868047,2.7316733822,99.4036631659,2.3096798878,2.6986299809055203,0.0666679281,406,406.0
738.7092133984,298.4351160005,39.890742138,38.5343486816,67.5939445384,2.3049764541,2.6931344889704403,0.0571294782,407,407.0
798.3317693695,234.6867755055,10.0342153595,1.9195247069,1.8530476838,2.3498022391,2.7455089361644403,0.0675350599,408,408.0
799.3911743164,265.2420789003,3.9053191086,37.5754652917,6.4458998851,2.3683783784,2.7672132973225603,0.0597308736,409,409.0
207.4265154079,249.8178645968,37.7908705329,39.5172644034,81.1426529661,2.0303521779,2.3722634846583603,0.2701402397,410,410.0
322.7732019499,295.8232048899,38.8898782982,39.738256149,98.1498324312,2.3042432725,2.6922778395890004,0.1558509169,411,411.0
528.4475881606,210.2493934333,5.5650808201,0.6680395082,83.8655995205,2.3516686145,2.7476896091818,0.121206133,412,412.0
213.3532915264,106.3555954024,37.3638611729,30.0900832936,98.5568804666,1.6736934522,1.95554342955048,0.5524169508,413,413.0
554.2493760586,238.6972757056,38.433617536,33.4333214536,84.7043764777,2.4009863689,2.8053124734227604,0.1038871151,414,414.0
688.57890293,197.3881116137,39.8648487502,1.9559854642,99.8422801495,2.371182141,2.7704892135444,0.0978205664,415,415.0
211.5753250197,291.2922887132,30.7808556226,38.3524806052,9.086949937,2.1114842019,2.4670581414999604,0.2389741052,416,416.0
435.7959745452,249.6534902602,39.6539996313,4.6994777024,97.1275931224,2.3831219326,2.78443966604984,0.1264021758,417,417.0
715.6930191442,100.0873541459,5.523775877,7.4489126354,98.9097311161,2.2710898017,2.65354132430628,0.222515471,418,418.0
718.6394743621,193.1524435058,3.0379361347,36.516056098,97.2697908059,2.3391391391,2.73305017012444,0.0952259191,419,419.0
650.5482111126,178.1415043399,2.15193917,9.0649671853,92.0304939151,2.3634845024,2.76149529260416,0.1186081116,420,420.0
469.9150690809,272.6028969511,39.6445690943,29.4330318272,4.8597869463,2.4321398834,2.8417122397645604,0.1108241696,421,421.0
205.7140439749,295.03943827,38.2824278977,34.02070079,0.7583701052,2.0999281093,2.45355600290612,0.2510903322,422,422.0
787.3143320903,104.4447602704,1.547898273,37.9938894138,36.9456110522,2.3772906275,2.777626369171,0.1861465456,423,423.0
402.2741470486,111.8342461064,36.8933396512,3.4369428828,13.6818793602,2.0724886182,2.42149570150488,0.3195026461,424,424.0
269.8750646785,220.7169536501,2.150622684,2.6649408042,9.5935046673,2.1795883981,2.5466310843400404,0.2337780624,425,425.0
796.5967433527,251.744870469,2.0618665195,5.6905508414,88.2394783199,2.3685384148,2.7674002838523206,0.0631994009,426,426.0
221.0664412007,105.9022238478,25.9322460946,0.854520686,98.2160955667,1.6797814731,1.9626566731700401,0.5489619197,427,427.0
201.4636160806,140.9759143367,38.0028997776,33.19970157,3.7197836675,1.8133471288,2.1187147852899204,0.4372604962,428,428.0
365.51069282,260.8856419101,1.6607118589,35.5129120126,98.8383388147,2.3573315978,2.7543062388695203,0.1489172365,429,429.0
334.3549950048,101.3145975769,33.6213283688,29.9822627753,12.2513485141,1.9551117349,2.28435255105716,0.41301792,430,430.0
592.2887844965,173.1576291844,35.3915558206,36.2397972122,97.5123268552,2.3034763751,2.69138179666684,0.1324653504,431,431.0
799.6840525419,292.5686424598,4.9194785026,33.0692555755,84.553044755,2.4221211716,2.8300063768974404,0.0510730517,432,432.0
730.9141652659,283.502994664,2.1344059124,2.2586029768,9.934516158,2.3801181503,2.78093004681052,0.0631994009,433,433.0
216.0357313231,288.502285257,2.2993310927,0.0930467993,15.9566175193,2.1341938626,2.4935921090618405,0.239837863,434,434.0
499.8980497941,162.7505080774,9.3907731818,39.208053872,98.8966391422,2.30175394,2.6893693034960005,0.1731699348,435,435.0
472.4827304482,208.1974348053,33.1339036496,38.5366598517,1.2092283927,2.2875416041,2.67276361023044,0.1437211937,436,436.0
460.1083323359,143.8277976587,1.5178000256,3.4724945948,1.5966309234,2.2420365869,2.61959554813396,0.2086616063,437,437.0
521.0656220093,296.8657724559,7.4597641672,37.0061907545,83.7450308725,2.4482782706,2.86056833136904,0.0934916555,438,438.0
777.9795344919,286.5708595142,39.1348135597,34.6922798827,92.2671881504,2.3546956872,2.7512264409244804,0.0562623463,439,439.0
646.1548505351,155.0328942016,35.9470507074,37.4201865122,99.9447093345,2.2677746103,2.6496678546745205,0.1393956568,440,440.0
290.4716935009,154.5945202932,38.3004893488,1.8003262207,8.9577982202,1.9691421116,2.3007456431934403,0.2961170796,441,441.0
280.3368661553,299.1311132908,6.108723999,30.37665952,2.1937076934,2.2563244287,2.6362894624930804,0.1835518982,442,442.0
509.9409695715,295.6002226099,3.8239185349,2.7788271382,85.6336146593,2.3765679029,2.7767819377483605,0.0909003822,443,443.0
200.1494850963,174.8161749914,1.9703076771,7.1740103513,90.2843505144,1.9604026846,2.2905344966866403,0.3584628448,444,444.0
798.7136237323,202.5316145271,36.2260367936,21.6951258481,7.8698804602,2.4002915838,2.80450068651192,0.0796445388,445,445.0
202.2876052186,299.933318235,9.4908705377,1.1302674189,50.1463539898,2.1613022568,2.5252655568451203,0.2493560686,446,446.0
664.0935029835,153.9923658594,4.1978549673,39.4341475517,91.7987496592,2.3804414261,2.7813077622552402,0.1350667458,447,447.0
203.6755181849,267.2065593302,7.738920318,1.6760893911,2.0417107269,2.1097623486,2.4650463281042403,0.2658113287,448,448.0
789.2586911097,265.0393117219,4.5952302706,0.4304166883,81.9438022561,2.4705272492,2.88656403796528,0.0597308736,449,449.0
340.1672950014,102.5700742379,39.8582596155,6.2112642825,20.3604150563,1.939682364,2.2663248740976,0.395698902,450,450.0
568.5542281717,298.1492707506,9.2258380335,5.5557060614,6.0448259115,2.3382029218,2.73195629383112,0.0805116707,451,451.0
658.3286719397,244.3017408252,3.3384265574,1.4187661558,83.1755862571,2.3255473515,2.7171695254926003,0.0822459343,452,452.0
574.7331319377,150.7270833477,38.6165810046,4.803817831,94.596868474,2.233207966,2.6092801874744005,0.1593126961,453,453.0
354.813108407,226.0924277827,1.5017873817,37.8041033447,95.6539643928,2.1848473881,2.55277568825604,0.1792263613,454,454.0
434.0428508818,100.7595043629,38.594121574,4.7196888551,77.0325808786,2.089538003,2.4414162027052,0.3281604681,455,455.0
794.3209767342,215.5792746693,30.3254452911,4.3395766988,0.5024243146,2.2899327105,2.6755573789482003,0.0735881124,456,456.0
553.5874454305,262.5618986785,38.0099425972,39.1548133641,96.3473256677,2.2750078513,2.6581191734589202,0.0934950295,457,457.0
314.8882970214,150.2328744158,5.9277283391,38.564715758,86.9575789198,1.9383951778,2.26482092574152,0.2865921258,458,458.0
612.3548757285,206.4603891224,5.791534686,1.4360504597,7.0213431492,2.3154382152,2.70535801063968,0.1064885105,459,459.0
792.8135037422,207.7337196097,20.2404860267,39.1747371107,4.4599925168,2.3942622951,2.79745606559484,0.0770465175,460,460.0
791.2455396727,277.8856130317,38.354827811,10.1455847546,12.2210587375,2.3537469782,2.75011796932888,0.0571294782,461,461.0
202.8529819101,101.1547483504,8.677203137,6.4415067062,32.7545243315,1.5784922994,1.84431040261896,0.6173573634,462,462.0
798.5909942538,138.319757022,39.6752569205,22.7229099721,11.1193574965,2.397209684,2.8008997947856002,0.1290001972,463,463.0
504.6339401975,100.1036686823,1.9750179974,3.98214899,90.1875399984,2.0686968839,2.41706543914876,0.2952533218,464,464.0
760.9927639365,295.1635722071,20.61198293,0.0673995912,4.6414038166,2.3731888964,2.77283390655376,0.0562623463,465,465.0
265.0247367099,163.1550397724,3.0278800912,31.1256711558,1.8636560999,1.9590878605,2.2889982562082003,0.3065125392,466,466.0
653.3607201651,130.5454093963,5.1609170949,4.3407633528,2.467725426,2.389040349,2.7913547437716004,0.1705752875,467,467.0
612.5818146393,108.3642827347,1.6824571113,6.5555633605,92.0094658621,2.3072669826,2.69581074246984,0.2285853937,468,468.0
653.4466195852,106.7488651723,5.4730791571,34.6530214697,1.5627692454,2.1747115027,2.54093291975468,0.2199241977,469,469.0
788.2429637015,128.8847258314,3.0131215439,39.2306293175,12.5624642707,2.2847662903,2.66952093358652,0.1411265463,470,470.0
779.8737244681,124.8860966414,39.4822759535,39.6873277426,10.8644207008,2.2789155452,2.66268492301168,0.1480534787,471,471.0
715.7147064805,259.6768567339,5.2206315068,37.6925591752,96.9171466306,2.3207097458,2.71151726699272,0.0692693236,472,472.0
394.5354409516,294.8234999552,35.47058933,35.7982353121,15.8359817229,2.2834699281,2.6680062639920403,0.1246679121,473,473.0
567.248935625,233.3107624203,13.5968446033,37.5538425148,98.3854823746,2.3501173315,2.7458770901246004,0.1012857196,474,474.0
312.2765094042,176.0147137567,37.4004347483,0.2628305927,99.3508365937,2.1184576333,2.47520589874772,0.2458942894,475,475.0
202.3867782205,291.095321998,36.5533938771,6.9781417027,4.8789304681,2.1192261185,2.4761037968554,0.2476319271,476,476.0
779.286837019,112.9637291655,32.8688508868,37.7989336103,89.3483362161,2.2752174477,2.65836406589268,0.1688410239,477,477.0
403.3045751974,184.498668462,5.3793919072,0.8628448471,99.9758058228,2.2456275226,2.6237911974058403,0.1844122819,478,478.0
789.7019881755,296.081135422,5.117876295,3.2523235306,92.2846281901,2.429268947,2.8383578376748004,0.0545280827,479,479.0
549.4741393253,233.3983056247,4.9360393118,3.0599699542,5.1510022953,2.3201844853,2.7109035526245204,0.1073556423,480,480.0
293.1752875447,298.164704442,38.582044404,4.9136165529,2.4752946571,2.24620314,2.6244637487760003,0.1731665608,481,481.0
572.7153575048,165.6537186354,38.9987318129,36.0217507184,8.9638839476,2.3060036926,2.69433471443384,0.1489206105,482,482.0
450.805734098,100.4576442763,35.9675184852,1.1716927961,86.8097326718,2.1270708174,2.48526954305016,0.3324826309,483,483.0
232.5015531853,109.2944635078,2.3637435623,2.8206549212,98.9052405581,3.2892407847,3.8431489328434805,0.5065331938,484,484.0
577.2413522005,201.9288286567,21.679857431,2.6338073239,98.5314236954,2.3599272874,2.7573390425981605,0.1151497065,485,485.0
340.4057741165,206.7236496136,20.0551067656,22.8908285499,40.5665962026,2.221974112,2.5961545524608,0.1974057629,486,486.0
206.412852183,292.9440684617,32.5743430601,20.0189971551,99.1154816002,2.1546594541,2.51750410617044,0.2510903322,487,487.0
206.347476691,198.953139782,18.7922267648,35.5152118206,60.326138325,1.9837011885,2.3177564686434002,0.3186321403,488,488.0
469.0545901656,135.4078102857,21.4434227473,38.5146017745,56.6211796366,2.215676359,2.5887962578556003,0.2233893509,489,489.0
230.5127734318,290.8900674433,39.9551465758,37.3051695526,10.2001821622,2.1655147674,2.5301874542301603,0.21818656,490,490.0
355.7548666373,276.7376795411,18.8696054877,0.7489302009,37.1652762406,2.359450727,2.7567822294268,0.1445883255,491,491.0
226.22743994,193.0502388626,20.1886098622,1.1994536966,94.1915145144,2.0390924956,2.38247567185904,0.3039145178,492,492.0
213.991050981,189.9238290265,38.0790485707,10.2277445421,1.490377076,2.0497085621,2.3948794839576406,0.3246986889,493,493.0
770.9675572813,107.123612985,30.7711409633,39.5494169742,3.6716950126,2.4428677413,2.8542466689349206,0.1809538768,494,494.0
768.5909407213,294.7731660679,37.7821201468,1.8331900239,93.8056293875,2.306444218,2.6948494243112004,0.0553985886,495,495.0
461.5003764629,298.7179044634,35.6863997965,38.2331955805,97.190879751,2.2947299509,2.68116247463156,0.1012857196,496,496.0
797.7954331785,290.6452536583,37.4103778098,34.3032746017,77.1686799824,2.376729048,2.7769702196832005,0.0527938191,497,497.0
532.8287625685,104.0135698393,37.6299046348,6.9698091224,1.6448377632,2.1305616338,2.4893482129319207,0.2692697338,498,498.0
543.8456561416,239.0972418711,24.4819769291,1.5860838443,0.0432920642,2.3068114511,2.6952784994652403,0.1038904891,499,499.0
798.4268039465,284.8499633372,6.3781196666,8.1825905293,97.230908554,2.376729048,2.7769702196832005,0.0545314568,500,500.0
612.4503618106,293.9797259867,2.8086486473,2.0176718384,10.7186036184,2.4197155875,2.827195692435,0.0744552442,501,501.0
223.1451107189,226.714001596,19.8934853496,0.9482934698,92.8163134493,1.9953321569,2.33134609212196,0.2692697338,502,502.0
503.8996977732,100.3420241177,32.8572939504,3.8217631727,2.7054281905,2.1417573017,2.50242923130628,0.298718475,503,503.0
202.3552790284,212.5459495932,20.3562744348,36.4927427471,48.2909425162,1.9880891611,2.32288337582924,0.3108448242,504,504.0
211.1387161538,110.9717555344,9.6487231022,38.8627735898,98.3325121924,1.686002886,1.9699257720024002,0.5437658769,505,505.0
639.1594935209,152.6056198403,16.1890289858,12.3548635468,52.078543324,2.3416343419,2.73596556507596,0.1419936782,506,506.0
795.1288865879,244.1949376836,37.271124607,0.1692289859,75.7765947841,2.3200953137,2.7107993645270803,0.0658007963,507,507.0
202.9395228252,198.1033520773,36.5062525943,6.0436806828,91.1568403244,1.8858341852,2.2034086619876803,0.3307551154,508,508.0
745.9664054215,298.4091065824,21.1481525879,34.915028587,65.1237375103,2.4395879733,2.85041458800372,0.0571294782,509,509.0
582.123150304,102.6378512383,29.7739311643,31.7846208066,3.0155916698,2.2428973637,2.6206012797470803,0.2493661908,510,510.0
455.2140245214,293.4517277405,1.6338020992,3.4331679344,18.0785162374,2.3424218123,2.7368856454913204,0.1108241696,511,511.0
207.2612700984,299.5533522218,11.8537454889,4.3757833168,94.9970453046,2.1405801527,2.50105385041468,0.2432996421,512,512.0
786.6135077551,192.2937398776,15.3101279791,36.5615405887,59.0508569963,2.5050418425,2.926890888777,0.0857077134,513,513.0
580.0485784188,112.9562683403,20.6599691575,4.3994322419,95.3827926889,2.2229832572,2.5973336377124805,0.2233792287,514,514.0
206.673222594,105.9844056144,6.7581754136,35.1714735851,56.5647407435,1.6127726143,1.8843635225481203,0.5879254925,515,515.0
529.0948012844,102.9910780489,39.8883182062,35.5730109289,60.1154457778,2.2307643353,2.6064250493645202,0.2761966662,516,516.0
797.5913595408,298.2774646953,39.5791368466,14.1422960162,38.761231117,2.3466407515,2.7418150540526,0.0536643249,517,517.0
795.4978568479,288.8898123056,12.47059118,38.4603346139,25.8029968478,2.3293460925,2.721607974477,0.0553952145,518,518.0
446.2255811319,191.7234864086,39.7009253842,1.0358085483,46.8194225803,2.308355108,2.6970821081872005,0.1610469597,519,519.0
200.0582559034,216.8574301526,38.9791917712,39.6203973889,40.5719599687,1.9876382195,2.3223564956638003,0.3065159132,520,520.0
662.1120881289,110.2723605931,1.6136501045,29.4483379275,0.1633576117,2.2538580247,2.63340771605948,0.2060669589,521,521.0
659.2850040644,222.4954171106,15.2970875758,39.422262609,99.6844212525,2.3664596273,2.76497142853732,0.0900332504,522,522.0
409.8799675703,100.9074270725,26.6245619338,39.2183297873,84.0191680938,2.0274503219,2.36887295610796,0.3472036274,523,523.0
338.6474933475,291.7334973812,26.4125655689,1.2178324908,94.4885037839,2.2883750316,2.6737373869214407,0.1489172365,524,524.0
644.6961853653,204.2705675587,27.0981757417,1.320595704,48.0224371888,2.3733495836,2.7730216534782404,0.0995582041,525,525.0
202.6980686933,105.0103923306,2.5699487301,2.2763764486,81.2385980971,1.7569924812,2.05287001503408,0.5905235139,526,526.0
607.2442818433,170.4731475562,11.908965433,39.3966756761,1.5921051614,2.3230118009,2.71420698817156,0.1324687244,527,527.0
776.5838414431,205.7603137568,2.6779995742,0.8637243509,12.7967387438,2.3735517693,2.7732578872501206,0.0822459343,528,528.0
546.8863004819,295.7226537168,22.2964146971,1.1957940832,95.799717214,2.3554868624,2.75215085002816,0.0848405816,529,529.0
200.9700605646,101.6207771376,5.2267318894,28.9468589425,60.5056193657,1.6062689029,1.8767645861483602,0.6061082681,530,530.0
785.0250527263,290.4974099249,38.2649485315,36.1517234147,9.3096139841,2.3688585524,2.76777433262416,0.0553952145,531,531.0
795.5845598131,100.4055567086,30.2102978434,3.7717024982,70.5249083228,2.3221182203,2.7131629285985204,0.1991332785,532,532.0
279.7601677477,293.4265164658,16.4347530059,0.0197923556,99.4997129776,2.1382297322,2.4983076191024804,0.1800901191,533,533.0
776.9123366103,103.5604929551,35.1797717586,4.8237593099,15.8060577698,2.4135509192,2.8199928939932803,0.188744567,534,534.0
798.967929557,110.369050689,19.5663264417,1.2074434012,48.3986156993,2.2457713993,2.6239593029421204,0.1731665608,535,535.0
256.0343246907,238.2526775822,38.0694310092,37.5933427736,1.5041143633,2.1071235347,2.46196313794348,0.231180041,536,536.0
380.9027794749,202.1282728761,32.4899626803,39.4785643741,99.7787542641,2.1878828149,2.55632228092916,0.1783524814,537,537.0
429.5844472945,297.6824697107,21.4148737625,38.1129454076,74.6198255569,2.3284176963,2.72052323635692,0.1134154429,538,538.0
777.3951996118,138.9135329053,39.3878964693,39.653910324,79.869582504,2.3520096625,2.7480880896650004,0.1333358562,539,539.0
259.5406038687,294.5574123412,1.9859237187,24.6474493667,97.7738831192,2.2636099451,2.64480185985484,0.1956748734,540,540.0
286.4225173369,100.2212006599,12.8902880838,0.9348022193,98.066931311,1.8284820031,2.13639837242204,0.4684333788,541,541.0
455.5588135496,113.3198864758,27.4449436064,38.6172543466,2.5891706347,2.1882881758,2.55679590460472,0.281396083,542,542.0
345.1755682006,100.093579106,8.5230332622,39.2791271955,31.1882111244,1.9443088529,2.2717304637283604,0.404360098,543,543.0
795.7227203995,293.4012351558,30.5598828718,39.1501897573,31.9295859896,2.3258460155,2.7175184845102,0.0545314568,544,544.0
523.7736154348,296.0205163807,1.6278334153,38.1498602778,11.7684861645,2.3242043121,2.71560031825764,0.0883091089,545,545.0
791.3691749796,103.6414867267,4.7093087817,27.9838096723,97.464127373,2.2640485725,2.6453143521090006,0.1835552723,546,546.0
457.2011681274,295.0012288988,2.1550422129,9.9240618199,88.8381166384,2.3384595519,2.7322561404399606,0.1047542469,547,547.0
226.1849280447,292.1238547191,16.6844084123,5.1228816435,97.6957120933,2.1773609859,2.54402857592556,0.2285853937,548,548.0
487.4272380024,113.9701230451,21.780030407,38.0153435469,98.6916288733,2.1645053724,2.52900807711216,0.2632133074,549,549.0
642.7927870303,197.6563699543,37.7219341579,38.9564789832,2.8337303549,2.2772869023,2.6607820166473206,0.1064885105,550,550.0
794.1928157583,100.9669452906,19.3038454447,38.2587531582,8.153940551,2.241033182,2.6184231698488,0.1956748734,551,551.0
370.1447056606,273.7832682207,26.3156336094,3.1732503697,0.2322607674,2.2902319503,2.67590701073052,0.1411299204,552,552.0
326.9872574136,164.7730553523,27.8501106519,0.800495632,43.3811678551,2.1778846732,2.54464045216688,0.2545521114,553,553.0
738.155997172,294.4566424936,37.0009146873,37.6670347154,8.8292643428,2.3414829659,2.7357886973575605,0.0605980054,554,554.0
411.7172606289,240.1530643925,7.3109255657,37.223972939,0.837410707,2.2620030976,2.6429244192358405,0.1419970522,555,555.0
470.7987127826,236.8191275746,39.4561071205,39.926315695,98.7714123912,2.2836138957,2.66817447573588,0.1246645381,556,556.0
278.2779416069,180.3385460749,16.3138087317,37.5235632434,98.9930582233,2.014714335,2.353992229014,0.273608767,557,557.0
318.2509355247,295.0841385871,21.7933232719,37.4259150028,49.2347237654,2.2793601249,2.6632043699331605,0.1584489383,558,558.0
201.5548799187,106.8324154243,31.3222521772,26.5163482726,2.1555790678,1.6348118092,1.91011411786928,0.5853308451,559,559.0
387.9273055121,114.9078711867,1.9194198451,0.196617581,83.0867700279,2.0637032676,2.41123089786384,0.3143032293,560,560.0
799.8424984515,159.65489503,5.1138641611,4.3836258724,23.4200195409,2.3016613041,2.6892610677104405,0.1038871151,561,561.0
709.9289692938,101.3114960864,31.2718723877,0.9677874669,8.2613178529,2.1772780918,2.5439317224591202,0.2173261763,562,562.0
614.6362705156,287.4084243551,39.1382548315,39.5155557618,93.7647775747,2.3507477701,2.7466136945848403,0.0779102752,563,563.0
704.547518678,253.0827265233,22.0439569713,39.8061437532,94.7623769753,2.3105639194,2.69966288342696,0.0727243546,564,564.0
602.8910672292,101.8404772505,38.224861112,37.2413559258,75.4817822017,2.1634366128,2.52775933839552,0.2484956849,565,565.0
794.5148155093,232.7390186489,35.861690206,3.7864832208,98.5785169527,2.3832346361,2.7845713488192403,0.0692659495,566,566.0
278.2055655494,118.3342814445,39.7170611932,39.61440254,24.5722546242,1.845424871,2.1561944192764004,0.400027813,567,567.0
533.6512608454,292.8201541305,31.3689930569,39.6905309707,20.5442467704,2.3358656537,2.7292254297830802,0.0891694926,568,568.0
766.1769654602,101.2726584449,1.5421054624,31.2048288807,99.012862239,2.252988816,2.6323921326144,0.2017312999,569,569.0
589.9592714384,299.9558959156,31.6645935928,2.185296528,98.0844912119,2.3191445768,2.7096885235331203,0.0770465175,570,570.0
206.0098586604,282.1120379493,2.0980006089,1.9217927009,8.523181174,2.0652839972,2.41307782232848,0.2545487373,571,571.0
210.4016372934,109.6595438197,3.6001144573,39.36861258,22.1266536973,1.6933333333,1.9784906666277202,0.5489619197,572,572.0
736.4761285484,196.8019744381,1.9515452068,11.2002862245,99.7040676884,2.4154984995,2.8222684468158,0.0917607659,573,573.0
294.9602819979,270.5281857401,38.7275234852,39.6057872847,3.8187766448,2.1649064295,2.5294766722278,0.1818210087,574,574.0
212.9728453234,292.0989429578,39.4715085286,4.4370231032,38.1894881837,2.225387073,2.6001422560932,0.2389774792,575,575.0
471.7204997316,292.0742655173,18.203798037,36.8598187715,96.3209111243,2.435012157,2.8450682042388005,0.1021562255,576,576.0
798.022990115,112.5646494329,16.636035407,39.9288384616,35.7210452668,2.2351740849,2.6115774007971604,0.1653724966,577,577.0
264.7660538554,100.4667365924,4.2723688381,3.7818494812,39.0346032567,1.7273802484,2.01827108223056,0.5013337769,578,578.0
757.4258495122,235.4643717408,2.1621424737,0.1677815244,5.3991795518,2.4053924824,2.81046057643616,0.0735881124,579,579.0
210.0890068337,291.1622710526,9.9622378289,39.7438992932,88.2861329243,2.1407108831,2.5012065958140406,0.2407049948,580,580.0
799.0067958832,299.5286086574,25.9438143973,21.1524979398,91.6197890416,2.4200173716,2.8275482969774406,0.0536643249,581,581.0
762.8505211323,230.0275331363,39.8267479995,39.5818038657,59.8945727572,2.4125542019,2.81882832949996,0.0761793856,582,582.0
755.9791771695,174.972528778,39.999162836,2.3902063817,21.3218167424,2.3704605397,2.76964609458548,0.1004185878,583,583.0
203.0500186607,240.2501482517,28.5018246109,0.8573960885,57.5472054072,1.9784387876,2.31160787943184,0.281396083,584,584.0
203.0711237341,292.5614420325,5.5381034361,39.4719833508,33.3875006065,2.1296555076,2.48828949507984,0.2502265745,585,585.0
761.3922577351,107.7842095867,34.2125337073,1.0967700183,93.6151698232,2.3926806712,2.79560809623008,0.1852827878,586,586.0
785.8959984034,293.3027934283,3.0660466016,23.5868531093,3.5658048466,2.2473413166,2.6257935943154402,0.0545314568,587,587.0
586.8818104267,189.9168141186,2.6901606829,38.6000282317,2.5436406955,2.3496447245,2.7453248961058003,0.1229370226,588,588.0
600.0060748309,298.3946850523,36.3426207369,2.978304252,22.7137081325,2.3353987607,2.7286799120018803,0.0753190019,589,589.0
282.1581050754,211.5048309788,39.9403162808,0.342396237,62.6437488943,2.1006832075,2.454438259643,0.2294491514,590,590.0
286.7831805721,297.6958906278,2.3248097352,34.5636094734,3.6818920635,2.3184073021,2.70882709177364,0.1783626036,591,591.0
635.3692617267,299.7641736642,27.2870348198,35.8568574488,54.2403859086,2.3973736407,2.8010913617938806,0.0709968391,592,592.0
430.7491099462,297.8326395154,20.834519716,7.8652426228,50.7382418029,2.3696696107,2.76872197314188,0.1099536637,593,593.0
761.4521268755,299.0781554952,25.7555808257,13.6597298086,99.4987698272,2.3944205725,2.797640996909,0.0553952145,594,594.0
624.2252102122,105.0665732473,25.7403830076,38.8238991797,37.5082767569,2.2428973637,2.6206012797470803,0.231180041,595,595.0
211.6949750111,141.1208966747,20.3479547142,1.2584158033,1.5641968697,1.8202212183,2.12674647146172,0.4234032574,596,596.0
473.1707343832,109.787026234,18.5401818124,0.8034901693,60.2791857906,2.2290620032,2.6044360445388803,0.281392709,597,597.0
498.1860522181,294.2070713267,39.7862431095,5.2988466993,38.2973003201,2.3369557971,2.7304991533316403,0.0969534346,598,598.0
635.2821374312,291.1113161594,6.5612894143,1.7666900903,6.1593751423,2.3360213262,2.7294073175320803,0.0718605968,599,599.0
392.8363576531,295.0364256278,36.5543145495,11.6416333616,0.9065304883,2.339365756,2.7333149493104,0.1212027589,600,600.0
381.4920546487,108.1527743489,16.2143103131,3.192357868,1.0972680524,2.0074451635,2.3454989290334,0.3350907745,601,601.0
205.0824452192,186.0818728805,20.6828794763,30.7257371023,98.4760016203,1.9226592068,2.24643501722512,0.3411472009,602,602.0
482.8803600743,288.8652401045,4.0198140503,38.540106006,63.6768122204,2.415981857,2.8228332017188,0.1047542469,603,603.0
571.4373458177,295.3797005117,4.4221408409,9.9365293607,98.911780864,2.3667792032,2.7653448210188802,0.0831096921,604,604.0
464.8183790967,294.3354848772,4.611616103,4.31499172,1.9078362733,2.4193815572,2.8268054114324803,0.1021562255,605,605.0
794.5716978982,103.3155143261,25.7732841121,37.2077926993,55.3728777915,2.3378910158,2.73159186286072,0.1913459624,606,606.0
795.6903601065,226.3765888289,19.8994035125,37.9761255905,96.5599356219,2.3193277311,2.70990252101724,0.0735881124,607,607.0
554.971460253,118.3234753087,5.8582295282,2.0775105059,98.3040004969,2.158931871,2.5224959980764003,0.222518845,608,608.0
348.8662302494,102.0652467385,39.5943070916,28.1381838024,86.1241141334,1.8925543977,2.21126055827268,0.3931008806,609,609.0
331.8083666265,125.8622953668,38.863793117,5.2898396924,5.60629135,2.0373147341,2.3803985353224406,0.3272933362,610,610.0
203.5189414397,211.8767643347,18.9149385924,5.9403815866,30.3859955631,1.966789748,2.2979971415632003,0.3056487814,611,611.0
452.4447068572,114.7213866934,2.0436383025,37.0594461262,8.6287871934,2.1585072972,2.5219999260484802,0.2770705461,612,612.0
528.2623156905,164.9769749492,39.4802077482,0.0674390048,18.9398949966,2.26448737,2.645827043108,0.1584455643,613,613.0
215.5609311536,105.3485961631,1.933930879,9.1726635396,91.968240682,1.7637058352,2.06071389784768,0.5437658769,614,614.0
204.4379075989,106.3940975815,1.756491696,35.3431157395,15.3784064576,1.6776107974,1.9601204556821603,0.5879288665,615,615.0
449.7710116208,105.9553734958,37.9213651386,38.9733462036,4.4460787438,2.1639708606,2.5283835535250403,0.3073762969,616,616.0
529.7794664279,299.9552296475,38.3370558606,11.5422353521,91.537185479,2.3604040404,2.7578960808033606,0.0865748453,617,617.0
799.0897532552,190.4346451163,10.7770143249,38.2402549312,99.4578917511,2.3996713904,2.8037760525433604,0.0900399985,618,618.0
683.7924769148,296.7212786898,37.9543719823,1.3336662576,17.9503134452,2.2813125905,2.6654856307402,0.0649336645,619,619.0
212.5179516152,299.4040090591,22.2334997859,37.6635168865,96.4540467598,2.0937895503,2.44638371057052,0.2329109306,620,620.0
486.843117699,236.4685980603,38.3189642187,0.4314363003,0.8825119585,2.4460572226,2.85797325888584,0.1203390012,621,621.0
650.3164364025,129.6318896115,39.738007755,2.1794477105,84.2286596075,2.3335330537,2.72650001994308,0.172302803,622,622.0
556.2645744532,277.5935547426,3.0074825194,37.5343712792,98.3809524216,2.3341546248,2.7272262636163203,0.0883057348,623,623.0
795.0188959017,174.6477067471,37.3233648166,39.096653387,99.7168440372,2.375601491,2.7756527820844,0.0969534346,624,624.0
361.7837511003,245.584016107,38.2710668421,39.2891208082,93.3213469572,2.2821750362,2.66649331229608,0.1610435856,625,625.0
457.2546267882,103.5413624719,19.4786311463,0.7276696339,95.032247901,2.0487462739,2.3937551464247604,0.3047782755,626,626.0
237.0814926922,109.2300098389,32.7593241413,0.2193930373,4.810831137,1.6923522596,1.9773443801166402,0.5065298197,627,627.0
206.405958347,102.455791831,33.441345531,4.3514601141,26.3841992244,1.6245075775,1.898074653551,0.6156332219,628,628.0
559.2534253374,278.6252753809,38.9705724744,38.2047727704,18.7109565362,2.3340894445,2.7271501069538004,0.0883057348,629,629.0
734.6838038415,101.2649156153,5.8974598479,38.6289038882,98.9135875367,2.2378854626,2.6147453745018403,0.2095321121,630,630.0
232.66426716,126.059176214,2.6231834753,38.7936861813,3.5993462428,1.8000308119,2.1031560006239602,0.4355262325,631,631.0
387.014888972,286.0707893968,3.4463472445,4.1408505663,97.6998674683,2.262295082,2.6432655738088005,0.129870703,632,632.0
233.7705397978,178.5682186484,36.9919355046,1.4517078176,98.0735999532,2.0916577157,2.44389287502388,0.3082434287,633,633.0
622.2982481122,107.3227798566,37.0527628842,4.7061981633,85.060811881,2.2256651216,2.6004671280774403,0.2233859768,634,634.0
785.4854304343,151.707405597,1.848245021,2.6618067548,46.074166242,2.3252487642,2.71682065609128,0.1142825747,635,635.0
240.4484467581,125.6627643481,39.8043745873,38.6881166697,5.9453370981,1.8404830664,2.15042041478176,0.4216791159,636,636.0
766.7346470058,267.4179920927,18.2945231218,0.1261329651,0.9892238304,2.3212253268,2.71211967183312,0.0631960268,637,637.0
778.1412398443,290.4764352366,2.7238070886,1.1369222403,98.5717526637,2.3984091346,2.80230123286664,0.0571294782,638,638.0
264.4122039899,297.9350790381,39.8424142036,33.650120385,96.8609739095,2.1142409072,2.4702790759724804,0.193080226,639,639.0
200.9183565155,103.6226926371,37.9629562837,36.9328616932,51.4278699644,1.6542016807,1.93276924372988,0.6009155994,640,640.0
715.3940299526,106.0100635514,2.7867675009,39.8424971104,18.0652763695,2.3436747794,2.7383496122509605,0.201738048,641,641.0
265.1930615306,100.0087702647,1.7025267449,36.5292588249,30.561293941,1.7657548738,2.06310799454792,0.5030714146,642,642.0
517.5919087604,212.7694236115,39.8986076717,38.5847648233,97.6397340186,2.3267658224,2.7185931868921602,0.1238041544,643,643.0
411.6883436218,108.538271673,2.7852308955,0.2907363325,95.6456660293,2.0111308738,2.3498053129479204,0.3160374929,644,644.0
710.3522196412,298.1309633702,6.0831660433,23.4356743842,96.9717749394,2.39838432,2.802272239488,0.0614651372,645,645.0
210.0436707959,102.8672154993,38.3101070537,35.0569745898,8.9179181494,1.603329979,1.8733307474636,0.5879322406,646,646.0
307.9651506618,137.0860736817,17.2832936943,23.776120618,51.185283903,2.0018275271,2.3389352826636403,0.3134394715,647,647.0
660.2469012141,115.0675466284,2.0826113918,1.4755937457,95.868973434,2.3258460155,2.7175184845102,0.1965386311,648,648.0
212.5292297453,113.9548918232,39.0688865362,0.3318657726,19.7671320289,1.7074624051,1.9949990741188401,0.5143238839,649,649.0
334.3782927841,200.9380390868,37.6612593452,38.7616434321,5.8326609433,2.3240949476,2.7154725367758403,0.2008709162,650,650.0
530.2988516167,227.8854001313,22.4921493628,1.4046916738,99.2935481481,2.343755662,2.7384441154808004,0.1142859487,651,
