source_1_set_power_[W],set_pressure_[mTorr],qcm_1_mass_rate_[ng/cm2s],qcm_1_mass_rate_[ng/cm2s]_error,qcm_2_mass_rate_[ng/cm2s],qcm_2_mass_rate_[ng/cm2s]_error,qcm_3_mass_rate_[ng/cm2s],qcm_3_mass_rate_[ng/cm2s]_error,source_1_voltage_[V]_mean,source_1_voltage_[V]_std,n,n_error,A,A_error,synthetic
1,1,-0.203670144,0.019058343,-0.096962799,0.05119014,-0.096054989,0.045688343,0.439,0.147,6.16E-06,0.739862354,-436.4580654,236.1349022,0
1,4,0.277270141,0.041003178,-0.066055637,0.034725672,0.232812163,0.047971042,0.418,0.114,6.15909E-06,3.207755923,173.2137097,515.2946869,0
1,7,0.681537452,0.031561102,0.163817007,0.065932744,0.39861404,0.037411755,0.436,0.152,6.15909E-06,0.35544775,1113.423257,201.6941382,0
1,10,0.340468577,0.035841911,-0.187037109,0.040601743,0.101976987,0.047794548,0.405,0.158,18.91475674,945.7378368,-422616.185,610774.0321,0
1,13,0.015811786,0.025700932,-0.07515246,0.072014352,-0.125609086,0.080714051,0.374,0.137,6.15909E-06,3.110186884,-319.1328353,255.0797649,0
1,16,0.880661424,0.049458091,-0.366247486,0.044911733,0.081346809,0.048776567,0.417,0.178,29.99999515,0,-163874820.5,232163463.2,0
1,19,0.484729866,0.070012182,-0.427203117,0.064194167,-0.086617927,0.047674798,0.314,0.164,6.15909E-06,133.7059037,-1020.000275,1712.100978,0
1,22,0.732093397,0.052446601,-0.093249056,0.059609075,0.274962568,0.061176305,0.405,0.152,2.730536787,2.886960009,64.09569623,626.1414707,0
1,25,0.723706073,0.065974404,0.272747919,0.050728969,0.310995656,0.047409253,0.392,0.159,6.15909E-06,0.563227785,1330.356117,590.3692784,0
1,28,0.737574669,0.045500892,0.167731385,0.050263473,0.228935921,0.079430473,0.368,0.133,0.217481077,0.806453856,869.9624781,257.3465274,0
1,31,0.488559063,0.0397005,-0.220445464,0.041308395,0.05628149,0.047801616,0.472,0.161,29.99999492,0,-98619668.62,139751962.6,0
1,34,0.575728614,0.071104264,0.411606689,0.052888711,0.184269463,0.065715862,0.384,0.17,6.15909E-06,1.61153539,1509.496942,1243.927211,0
1,37,0.762861477,0.080661634,0.121201705,0.052105909,0.118246085,0.031407753,0.396,0.165,2.834234682,1.527919052,583.0718234,356.9287921,0
1,40,0.797631296,0.035302881,0.505081274,0.050468093,0.393861616,0.038270302,0.465,0.114,6.15909E-06,1.034122189,2058.740186,1381.537334,0
1,43,0.77931717,0.066203106,0.127068694,0.056940505,0.321273796,0.044371315,0.414,0.117,6.15909E-06,0.026785561,978.0070084,23.00510024,0
4,1,0.595194953,0.055117125,0.135394426,0.052613004,0.220629121,0.06861059,437.689,9.903,6.15909E-06,0.339151202,823.4195321,179.2353782,0
4,4,1.654261095,0.063444671,0.16097983,0.057052106,0.541146856,0.041513997,325.314,7.02,1.147190499,0.068737594,1131.88198,40.90566304,0
4,7,2.600514767,0.025038067,0.098516086,0.066914227,0.92253348,0.036340081,222.422,3.435,1.378407563,0.627454246,1443.946264,558.2789701,0
4,10,2.519997518,0.024908659,0.320320636,0.042088431,0.782974345,0.037464894,195.769,0.204,1.057010483,0.198046766,1880.410645,181.6139648,0
4,13,7.027851869,0.059801853,-0.208885357,0.056020662,1.679959111,0.05353609,161.811,17.004,3.832160818,1.036818937,1793.58673,3043.016204,0
4,16,5.583170671,0.040405599,0.502453993,0.05602367,1.423495113,0.062256616,160.86,10.666,2.092707343,0.171999965,3337.347203,327.9912737,0
4,19,4.841337376,0.041835021,0.164005551,0.047232288,0.891265189,0.059853426,164.717,8.196,4.043626707,0.079620641,2288.478997,150.3293673,0
4,22,0.937069146,0.034911302,0.092880322,0.06767381,0.465650368,0.060696818,166.267,0.271,6.15909E-06,0.403786035,1097.562986,276.7252795,0
4,25,3.656289526,0.033128439,0.011541576,0.048887682,0.751377717,0.03601953,157.86,9.247,4.047291594,0.608153015,1325.240574,839.6720386,0
4,28,1.139114212,0.023322927,0.445504087,0.050992181,0.170624916,0.078243395,159.806,0.272,0.346258185,2.963346611,1558.419601,1150.453582,0
4,31,2.734535945,0.02828649,0.312257873,0.037579368,0.640867665,0.097187441,155.66,8.417,2.117412776,0.460517705,1763.468225,434.7285476,0
4,34,2.828520764,0.032335302,-0.062337578,0.012621912,0.047819048,0.041560173,155.919,8.843,21.68534255,2168.534255,-514606.8355,747125.382,0
4,37,0.416188507,0.028152056,0.255570447,0.058020091,0.249188235,0.056101908,153.802,0.313,6.15909E-06,0.916712432,1097.204263,665.9706236,0
4,40,1.963431983,0.027399136,0.099823504,0.044762337,0.042030728,0.064623706,156.134,5.74,10.6437384,2.230954448,6124.501129,7329.720065,0
4,43,2.578404564,0.030842079,0.216927525,0.048847467,0.434181286,0.041499162,153.44,8.05,3.619516052,0.584328342,1596.27153,580.6933352,0
7,1,0.508653046,0.071069946,-0.07247623,0.041920265,0.370243961,0.081702313,511.706,8.651,6.15909E-06,2.416454784,389.2286475,711.732135,0
7,4,3.507891961,0.034873239,0.371936945,0.045914494,1.036628573,0.077994455,379.21,21.792,1.418176089,0.119593939,2336.37326,144.3755418,0
7,7,4.762603441,0.065708613,0.093413334,0.052883057,1.440003185,0.061897872,214.605,0.216,2.192141884,0.65710009,2161.166292,1033.865595,0
7,10,4.298780123,0.032723101,0.135627326,0.037794816,1.280552279,0.048348122,197.407,0.137,2.127527731,0.489883496,2068.315258,743.9713029,0
7,13,3.438157891,0.065975795,0.146326029,0.073552707,0.797713007,0.045530303,186.152,0.224,2.99600257,0.172909695,1660.493374,212.7211147,0
7,16,2.333169994,0.02776529,0.073795029,0.054748989,0.614167482,0.036667556,178.666,0.31,2.623627189,0.410400209,1077.665138,323.6102557,0
7,19,1.877750746,0.033542069,0.008277046,0.04375809,0.029009093,0.072549389,173.801,0.298,15.79617207,0,5844.872293,5421.708892,0
7,22,1.316366942,0.053624525,-0.121432006,0.050762023,0.212384511,0.0673075,168.977,0.274,7.261173525,4.519478962,-1026.986798,2771.498374,0
7,25,5.095916125,0.03714571,0.458781033,0.049935858,1.145739992,0.037723785,160.429,9.823,2.534408232,0.329717668,3024.073277,560.7984022,0
7,28,0.94895784,0.062887869,0.227188636,0.04403743,0.180794095,0.044612161,163.481,0.405,1.369152056,1.741531181,849.5059815,499.1640825,0
7,31,1.457345569,0.118678518,-0.026232823,0.095434435,0.083905356,0.118012779,161.009,0.372,11.02318525,1.555732606,-934.9681306,2948.24544,0
7,34,0.620273179,0.069367715,0.057991453,0.076775574,0.166452533,0.053178442,159.167,0.398,1.875832079,0.140278694,379.7656109,29.71377842,0
7,37,0.494910544,0.024175099,0.370175165,0.050529791,0.190274878,0.037683708,158.003,0.397,6.15909E-06,1.468723717,1373.014009,1106.561765,0
7,40,2.642395903,0.027381902,0.324123702,0.048532677,0.649428065,0.040607969,155.339,9.601,1.869583989,0.464214494,1761.929038,423.3877357,0
7,43,0.787605563,0.065644007,0.533113043,0.04174324,0.274283443,0.035133048,155.252,0.31,6.15909E-06,1.435677754,2008.131939,1572.715811,0
10,1,3.11983588,0.060964,0.372654407,0.035115848,1.116007172,0.051728186,768.652,8.844,0.65538433,0.03500348,2564.66389,43.13584282,0
10,4,5.776592422,0.038155203,0.738168957,0.028470201,2.259774,0.037768564,378.008,19.38,0.294774869,0.103134786,5635.904915,268.080283,0
10,7,7.597439888,0.049757012,0.723017783,0.047105911,2.406362148,0.082726524,214.251,0.156,1.279040491,0.044952246,5037.35292,120.6973155,0
10,10,6.441728533,0.044528799,0.52967708,0.026327241,1.581487257,0.036330928,199.349,0.198,2.312482921,0.150144377,3720.641435,331.3340523,0
10,13,5.343291229,0.039974519,-0.027876135,0.064432992,1.261433783,0.043908684,188.81,0.293,3.548720863,0.725151476,1837.538887,1526.953658,0
10,16,4.217791273,0.042792723,-0.292600996,0.09014725,1.111453153,0.03554461,181.7,0.318,3.904031299,1.550505526,489.6209488,2876.211115,0
10,19,3.257679553,0.031995926,0.408016095,0.051347209,0.80695973,0.03960542,176.715,0.273,1.816901747,0.472728353,2193.914044,532.1177818,0
10,22,2.504124852,0.070760276,-0.395441879,0.033669185,0.41138986,0.057196888,173.26,0.334,9.146519999,457.326,-9805.138573,17565.64337,0
10,25,2.668339837,0.079512424,0.183455306,0.045579846,0.181084025,0.041429065,169.941,0.365,6.907306571,1.37057762,2925.079794,2529.300977,0
10,28,1.813247286,0.0270079,0.233955369,0.043235481,0.298808488,0.034962551,167.619,0.293,3.056571827,0.990974648,1280.594056,667.2087805,0
10,31,1.266806451,0.06471046,0.017848441,0.062753882,0.157299696,0.01118168,165.586,0.254,6.07133519,0.124476729,578.8691017,85.13937993,0
10,34,0.61916882,0.055144218,-0.070782818,0.054954294,0.068008917,0.032306754,163.612,0.265,11.34886934,4.774422913,-4754.681729,7852.976472,0
10,37,1.73337595,0.065631206,0.191703563,0.064218411,0.274046925,0.043463959,162.431,0.271,3.44235505,1.022410804,1188.090745,594.8378729,0
10,40,0.848935572,0.026212162,0.325871642,0.023902037,0.310003975,0.030637045,160.101,0.334,6.15909E-06,0.731347573,1520.930604,754.3735275,0
10,43,2.412010155,0.061155257,0.026537032,0.035189912,0.465130035,0.066118785,153.25,8.108,4.205715602,0.447125627,943.1633669,419.4282603,0
13,1,3.261286676,0.076415907,0.467319593,0.040977521,1.751234571,0.045778314,886.122,0.401,6.15909E-06,0.287289188,4332.809484,694.7450971,0
13,4,7.330131284,0.05191148,0.624531846,0.033661608,2.965513897,0.070334152,370.157,16.941,0.503442588,0.400594552,5995.4563,1249.962505,0
13,7,10.86634851,0.08518596,0.915223678,0.017886665,3.907747972,0.078560109,215.639,0.181,0.926980067,0.270476056,7618.821854,1112.822881,0
13,10,8.481120254,0.05338324,0.333744091,0.039790301,2.057697315,0.046437872,201.008,0.218,2.85862709,0.245052374,4035.127963,740.9326965,0
13,13,6.841989188,0.096568265,0.320219998,0.04352019,1.79103037,0.080761876,191.42,0.219,2.472056806,0.238956741,3416.498448,570.6888974,0
13,16,5.367590463,0.038008492,0.263264319,0.02592737,1.190145757,0.029089914,184.673,0.213,3.091118272,0.062697859,2683.578668,120.1888946,0
13,19,4.034734022,0.088767802,-0.088146171,0.053968209,0.666587266,0.033597379,179.859,0.227,5.504743948,0.900337661,850.9316581,1910.801716,0
13,22,3.332542957,0.028980359,-0.12812295,0.054002897,0.822152641,0.077713295,175.968,0.146,3.802852695,1.152519138,759.5068967,1614.129294,0
13,25,3.377115753,0.026506087,0.13028081,0.058394589,0.629314838,0.051479911,173.026,0.246,3.922636399,0.027921894,1639.743878,36.50446881,0
13,28,2.413063719,0.02432213,0.312767239,0.045976124,0.487416659,0.064692785,170.387,0.305,2.421232911,0.753476202,1635.827363,640.0986491,0
13,31,2.365250572,0.024386782,0.331001145,0.055135793,0.631541512,0.084581548,168.481,0.268,1.427977319,0.503200859,1709.355703,396.5852092,0
13,34,1.760329457,0.03130341,0.056018983,0.048785877,0.353527822,0.042497712,166.12,0.202,3.720300754,0.174571531,806.8484791,117.7147676,0
13,37,0.982016145,0.078150562,-0.017358946,0.058086309,0.000440402,0.056960078,164.673,0.261,29.99999253,9.447393711,-7772852.406,10999728.56,0
13,40,1.687963983,0.035830868,0.308205184,0.048323839,0.156526123,0.06887723,163.008,0.136,3.734673343,1.968854781,1594.592134,1391.157307,0
13,43,1.823673058,0.061001198,0.477963438,0.057386175,0.451559195,0.038230833,161.594,0.24,0.515455784,1.387913856,1989.379402,926.5657364,0
16,1,3.363100084,0.072529713,0.368399499,0.041961277,1.685803254,0.045035024,886.1433333,0.518666667,0.172110025,0.429910516,3785.798599,832.6826819,1
16,4,10.33562569,0.069537314,0.834096288,0.072504765,3.589421017,0.057681899,351.081,18.792,1.081372105,0.261727676,6899.355256,970.7269415,0
16,7,13.67193535,0.084760964,1.434350179,0.051304053,4.484060246,0.089354651,216.521,0.206,1.071213155,0.01929315,9682.363038,95.54170488,0
16,10,11.01032087,0.091729887,0.783915773,0.041351032,2.975279062,0.038829892,202.496,0.146,2.084236958,0.051301852,6178.707559,192.4789649,0
16,13,8.823128655,0.052716835,0.222136326,0.044524981,2.162101536,0.040112062,193.002,0.078,2.992882927,0.401091545,3872.969949,1290.40838,0
16,16,7.071752471,0.049535688,0.195691225,0.032805642,1.628682355,0.063381784,186.401,0.121,3.216400597,0.328100389,3134.598616,856.3473446,0
16,19,5.929143628,0.086284543,0.06527451,0.029202549,1.154758148,0.040166995,181.299,0.126,4.162465703,0.42446324,2317.675047,1038.777741,0
16,22,4.289611921,0.091257832,0.438910199,0.046628904,1.123069055,0.062551026,177.74,0.22,1.870157354,0.244549542,2697.873636,349.4362334,0
16,25,4.614443008,0.03378084,0.103737706,0.054061772,0.930172662,0.029929387,174.946,0.147,3.841430952,0.294301784,1981.072657,532.8765802,0
16,28,3.506754369,0.031393612,0.396789508,0.054741458,0.787782446,0.073657432,172.031,0.122,2.26941585,0.536998277,2250.57473,612.5129341,0
16,31,2.804311233,0.028963452,0.703142143,0.044092919,0.81082725,0.035959522,169.929,0.141,0.218770971,1.051432037,3411.185989,1249.094793,0
16,34,2.610594984,0.0605292,0.464963827,0.042985226,0.540878507,0.044758561,168.296,0.149,1.797674176,1.178003172,2012.601501,949.46838,0
16,37,2.748201749,0.05663709,0.508998785,0.028721164,0.443835125,0.044899612,166.775,0.102,2.389778339,1.38087994,2185.480521,1362.809638,0
16,40,2.223600306,0.059544489,0.341714589,0.060199192,0.204932849,0.044711196,165.064,0.109,4.234943875,1.807329067,2087.55618,1790.662974,0
16,43,1.40270576,0.02436476,0.030399449,0.052585225,0.524164119,0.026491776,163.749,0.123,1.3177749,0.753808717,751.7263135,393.8971988,0
19,1,3.464913493,0.06864352,0.269479404,0.042945032,1.620371937,0.044291734,886.1646667,0.636333333,0.34421389,0.572531843,3238.787715,970.6202667,1
19,4,12.28493937,0.074308243,0.915095133,0.056501589,4.402149536,0.052709064,335.006,25.627,1.021868053,0.344630635,8202.775886,1530.70312,0
19,7,15.89067033,0.163710458,1.271937946,0.095632648,4.824279954,0.095587438,215.94,0.39,1.570765191,0.109341193,9655.575414,595.3220377,0
19,10,13.46195487,0.09028596,1.212060375,0.042804643,3.944439455,0.046081223,202.338,0.286,1.601034424,0.009862179,8382.391792,45.58444747,0
19,13,10.60614693,0.094847361,0.467391039,0.056320893,2.41544128,0.05162294,193.178,0.273,3.05028312,0.140391698,5163.459554,533.5534927,0
19,16,9.309643998,0.059456606,0.389526538,0.038909444,1.755422129,0.037066566,186.997,0.296,3.826624616,0.002948473,4595.212764,10.48258033,0
19,19,7.030973418,0.070827775,0.163193325,0.03244312,1.397750117,0.081933496,181.981,0.134,3.888801129,0.275392492,3039.361997,762.7519362,0
19,22,5.336533727,0.151183075,0.11657875,0.061755377,0.953602419,0.06683602,178.593,0.148,4.358260458,0.228361479,2323.503867,490.1261839,0
19,25,5.9189528,0.04214689,0.50877971,0.05556929,1.54690491,0.068801811,175.858,0.268,2.048276988,0.112018324,3499.344123,222.9041646,0
19,28,4.240808534,0.049197104,0.32726049,0.055319177,0.925155204,0.067409132,173.1135,0.1355,2.734740267,0.2699455,2390.290755,308.8351497,1
19,31,3.725385189,0.070345961,-0.260065785,0.05768071,0.762490675,0.034752006,171.502,0.473,5.287609998,1.691626108,-188.3839484,3432.454146,0
19,34,3.181997939,0.045802374,0.245596893,0.054671318,0.5533436,0.039925078,169.4245,0.136,3.580890208,0.779305348,1730.119531,804.1199049,1
19,37,2.937098135,0.044586939,0.308789326,0.03096843,0.342345224,0.057412183,168.0805,0.1055,4.93432421,1.028890429,2403.775177,1457.460877,1
19,40,3.054455258,0.064208241,-0.09742596,0.043138751,0.370845399,0.04040235,166.076,1.076,7.35203294,1.537397137,-138.1380817,2812.24913,0
19,43,1.905653649,0.021612053,-0.002935397,0.053462561,0.015631137,0.038219435,165.451,0.206,20.17196108,0.709670599,-9503.61799,18961.48052,0
22,1,3.566726901,0.064757327,0.17055931,0.043928788,1.55494062,0.043548444,886.186,0.754,0.516317756,0.715153171,2691.776831,1108.557851,0
22,4,15.10023045,0.093675988,1.023908479,0.060973839,5.333247543,0.059603682,324.366,24.386,1.13179391,0.378320014,9643.482099,2028.647108,0
22,7,18.45833277,0.168980445,1.230807833,0.067091251,5.890824198,0.089701753,214.252,0.454,1.522540566,0.244340162,10884.83395,1720.434216,1
22,10,16.32844981,0.101155816,0.952235629,0.04713536,4.611521369,0.055049044,201.26,0.749,2.055242537,0.20784945,8772.307161,1171.329254,0
22,13,14.26762807,0.107013118,0.711003196,0.032065744,3.421182897,0.051337535,193.402,0.21,2.777454938,0.128190602,7156.467561,642.3754558,0
22,16,11.44011981,0.072781343,0.615415876,0.049551097,2.53369352,0.042475495,187.338,0.24,3.034622768,0.011222041,5854.526965,45.3799596,0
22,19,9.513128403,0.108669656,-0.243733552,0.057860478,1.780475437,0.081868388,183.137,0.329,4.957921451,0.963868836,2061.074851,4442.548086,0
22,22,8.26705228,0.07671321,0.452462222,0.071321348,1.270409997,0.059955323,179.877,0.373,4.412549182,0.376207229,4722.251478,1236.646667,0
22,25,5.264563787,0.055410689,0.120494335,0.051506008,0.554031334,0.041905175,176.41,0.145,6.566081972,0.170442707,2989.367387,530.4331041,0
22,28,4.974862699,0.067000597,0.257731471,0.055896896,1.062527962,0.061160831,174.196,0.149,3.200064685,0.002892723,2530.00678,5.157365213,0
22,31,3.984105033,0.067509123,-0.092851678,0.053589893,0.630677448,0.086764608,172.277,0.108,5.748291372,0.930506618,752.5088451,2037.818972,0
22,34,3.753400894,0.031075548,0.026229959,0.06635741,0.565808692,0.035091596,170.553,0.123,5.364106239,0.380607525,1447.637561,658.7714298,0
22,37,3.125994521,0.032536788,0.108579867,0.033215696,0.240855324,0.069924753,169.386,0.109,7.47887008,0.676900919,2622.069834,1552.112117,0
22,40,2.867095143,0.024200386,0.354924419,0.065654067,0.463791705,0.044122876,168.267,0.149,3.184564665,1.123413143,2012.372635,1047.344505,0
22,43,2.602058978,0.024458405,0.248134183,0.050422968,0.485191916,0.039849803,166.987,0.186,3.113037497,0.623698654,1618.182619,547.6722474,0
25,1,4.080569385,0.029950989,0.421918635,0.070912308,1.802512928,0.034128314,886.262,0.992,0.067966772,0.400088994,4405.265592,845.2694563,0
25,4,18.66407511,0.120885227,1.731233264,0.048239983,6.952056639,0.062315809,303.734,39.361,0.733162463,0.255390343,14163.86966,1878.691817,0
25,7,21.02599522,0.174250432,1.18967772,0.038549854,6.957368442,0.083816068,212.564,0.518,1.474315942,0.379339131,12114.09248,2845.546394,0
25,10,18.60996603,0.110147135,0.868697602,0.057108226,5.022751956,0.05323846,201.401,0.396,2.35443397,0.277333561,9348.768092,1738.365671,0
25,13,15.96924526,0.091666129,0.71823947,0.049663465,3.667599059,0.045672302,193.552,0.207,3.005647848,0.138349487,7810.431863,788.8266735,0
25,16,12.90166004,0.098984219,0.701510082,0.043310695,3.032665129,0.041616975,187.973,0.236,2.799090269,0.064091798,6609.531875,286.8259383,0
25,19,10.71426045,0.098940425,0.411351528,0.049246706,1.67920947,0.029991414,183.594,0.263,4.616927352,0.122073872,5519.311854,547.1385544,0
25,22,8.569484606,0.076398784,0.394451613,0.062133627,1.669620683,0.075455545,180.387,0.279,3.636486787,0.024180617,4296.866817,77.59174199,0
25,25,6.936680378,0.051673549,-0.061850951,0.061070591,1.06214925,0.032433621,178.028,0.392,5.612791254,0.731626094,2001.859847,2374.844315,0
25,28,5.891235911,0.041253141,0.551995486,0.039975587,1.046751046,0.052446995,175.535,0.468,3.29924492,0.614409433,3694.738254,1350.988838,0
25,31,5.364634066,0.040083568,0.225739396,0.051168877,0.924974437,0.044365734,174.006,0.454,4.176823539,0.086125925,2723.99676,185.0886136,0
25,34,4.911111954,0.038863345,0.443102685,0.063117798,0.841051157,0.065889355,172.187,0.413,3.473237714,0.683893585,3083.418938,1164.303271,0
25,37,4.013562301,0.045925269,0.243180192,0.037291567,0.507980554,0.063385836,170.8636667,0.287,6.094583831,0.635352667,2933.057063,1432.281438,1
25,40,3.673653401,0.035958931,0.355027228,0.049124043,0.637789936,0.046912778,170.332,0.434,3.336201184,0.666835507,2342.461389,920.0739118,0
25,43,2.284424512,0.159851292,0.081723949,0.089320436,-0.738529708,0.150222639,168.698,0.313,29.99999508,22.54148483,34882895.86,53038032.93,0
28,1,3.957108063,0.067338902,0.502216049,0.036356854,1.483591139,0.056282341,886.318,0.835,0.440790534,0.051643327,3590.933209,86.0195317,0
28,4,25.47775422,0.176802762,2.11176845,0.053277213,9.230362511,0.064025804,243.483,17.529,0.91186564,0.296555443,17887.26279,2789.861368,0
28,7,24.03454744,0.148234926,1.621864701,0.041870596,7.811041163,0.074646108,212.343,0.808,1.440596713,0.278093271,14379.47408,2371.286056,0
28,10,21.41875034,0.134924176,1.14059732,0.014544896,5.850922951,0.058246629,200.954,0.319,2.23600118,0.219675869,11135.21212,1628.501216,0
28,13,17.46072332,0.112440173,0.545773224,0.03859251,4.223548105,0.045740875,193.533,0.22,2.970434789,0.341774171,7937.543562,2064.451176,0
28,16,14.37172472,0.108340827,0.281947791,0.047732119,2.816215821,0.04225935,188.284,0.206,4.003539157,0.327475039,6051.971924,1799.137677,0
28,19,11.7825062,0.097478809,0.60900481,0.058918859,1.975554214,0.069044527,184.046,0.304,4.131947077,0.234047169,6378.440599,1108.255687,0
28,22,10.02707032,0.065581252,-0.183269133,0.046227357,1.874071686,0.063596981,181.032,0.372,4.834818676,0.84438958,2584.501814,3983.529657,0
28,25,8.904110588,0.060974594,0.438533406,0.068007408,1.270458848,0.035863541,179.037,0.421,4.789527765,0.355702593,5133.006673,1405.659445,0
28,28,7.389822276,0.083605863,0.166357721,0.060543892,1.502429054,0.0671755,176.676,0.377,3.805107983,0.29979019,3170.933675,866.062384,0
28,31,6.615147508,0.094091342,0.739335791,0.111091649,2.247153951,0.158561704,175.529,0.615,0.892532625,0.017608595,4973.066251,43.42302146,0
28,34,6.197088914,0.058838788,0.423371431,0.044867787,0.901309437,0.07686715,174.002,0.454,4.383900923,0.628451179,3867.96184,1508.580757,0
28,37,4.90113008,0.059313751,0.377780517,0.041367439,0.775105784,0.056846918,172.3413333,0.465,4.710297581,0.593804416,3244.044292,1312.450759,1
28,40,4.215176477,0.036185139,0.208150921,0.052380322,0.527279568,0.042556284,171.553,0.464,5.483172717,0.358030482,2494.737298,544.1729111,1
28,43,4.134880712,0.116612023,0.737814767,0.046717914,0.944801315,0.072580482,170.23,0.448,1.516163508,1.016840309,3234.52806,1333.701645,0
31,1,3.99403802,0.064439678,0.33581408,0.05226638,1.408908514,0.036937438,886.31,0.761,0.996702472,0.249312786,2746.22262,371.7768662,0
31,4,29.46065152,0.400630282,2.256784927,0.136984512,10.57472431,0.225836213,235.057,0.365,0.997846238,0.33100714,19898.62718,3541.347001,0
31,7,27.95500095,0.321454433,1.802221184,0.069774434,8.736668643,0.107879871,211.544,0.423,1.613760787,0.260315661,16122.10879,2549.178317,0
31,10,23.5268843,0.232215846,1.283529057,0.084700838,6.519534789,0.087945664,200.614,0.406,2.167189179,0.22810928,12353.37876,1805.560926,0
31,13,19.76477746,0.122172702,0.78055687,0.055153147,4.736522484,0.051741528,193.401,0.228,2.905992538,0.2405055,9402.204098,1645.778555,0
31,16,16.74153808,0.133509533,0.496137178,0.03613343,3.475085889,0.049461518,188.709,0.308,3.616530711,0.234450394,7534.861664,1445.083349,0
31,19,13.29828875,0.081841136,0.409763799,0.030936265,2.530612417,0.045992754,184.84,0.292,3.955515356,0.148278214,6111.5456,757.7253363,0
31,22,11.75522198,0.090647145,0.725815795,0.043025945,2.307877668,0.043242452,182.088,0.335,3.385907981,0.193640507,6355.851793,838.4976917,0
31,25,10.11549035,0.065962242,0.505726297,0.050627294,1.659450425,0.048909067,179.882,0.404,4.324120236,0.253726346,5534.249875,1027.941533,1
31,28,9.140150956,0.062244897,0.485521419,0.050623441,2.002874224,0.041772528,177.856,0.428,3.084169195,0.007928584,4666.167375,25.75254751,0
31,31,7.911301777,0.051719466,0.21915446,0.039468488,1.51103087,0.038280752,176.576,0.448,3.987728512,0.193775646,3555.158966,589.7332179,0
31,34,6.557081439,0.068579564,0.625263604,0.037656686,1.535248005,0.03085987,174.519,0.47,2.331399073,0.327202482,3965.432595,711.2294854,0
31,37,5.78869786,0.072702232,0.512380841,0.045443311,1.042231014,0.050308001,173.819,0.643,3.326011332,0.552256165,3555.031521,1192.620079,0
31,40,4.756699554,0.036411348,0.061274613,0.055636602,0.4167692,0.03819979,172.774,0.494,7.630144249,0.049225456,2647.013208,168.2719104,0
31,43,4.088557556,0.069507125,-0.026096772,0.047829008,0.671625768,0.036064056,171.747,0.683,5.230536728,0.691751082,1264.717557,1249.344546,0
34,1,3.825064201,0.062540462,0.375037204,0.053897894,1.410613556,0.036795787,886.3266667,0.751666667,0.718072144,0.212368412,3059.898966,325.3023093,1
34,4,33.06364103,0.207845594,3.097635255,0.031122108,12.32060291,0.079609453,235.107,0.361,0.724261417,0.249878024,25216.71433,3261.943303,0
34,7,28.71325768,0.191619986,2.004134055,0.055969698,9.118023325,0.066506749,211.603,0.389,1.504242252,0.242245483,17108.98106,2383.760646,0
34,10,25.61518195,0.156603901,1.595246291,0.054420066,7.408977175,0.059961839,200.748,0.208,1.924477638,0.198359146,14123.10894,1753.57113,0
34,13,22.64564412,0.138308604,0.922454899,0.032631256,5.83020501,0.065047582,194.016,0.132,2.606848257,0.292931329,10934.92756,2252.802106,0
34,16,17.98165554,0.121227344,0.85283757,0.04696357,3.52086886,0.045294945,189.37,0.257,3.597060713,0.036099703,9074.130422,242.2012956,0
34,19,15.70085173,0.106758168,0.350407424,0.049273831,3.121687361,0.052211026,185.349,0.325,3.901611874,0.286959918,6741.715935,1779.311688,0
34,22,13.25459158,0.248169332,0.58989647,0.074393229,2.327596503,0.121509785,183.045,0.441,4.066384188,0.102435059,6783.876085,528.816704,0
34,25,11.3268701,0.07094989,0.572919187,0.033247179,2.048442003,0.061954592,180.727,0.387,3.858712707,0.151750099,5935.493077,650.2236211,0
34,28,9.93398181,0.102143894,0.199372502,0.005479664,1.565540752,0.071577097,178.802,0.441,4.921347513,0.167995434,4408.873217,729.5183387,0
34,31,8.869897794,0.06067402,0.174295152,0.044276336,1.526007438,0.050712156,177.977,0.384,4.529509478,0.239426297,3808.932572,916.265966,1
34,34,7.737461426,0.075602115,0.39835735,0.053586624,1.515720989,0.048370819,176.4035,0.407,3.500592039,0.276136686,3909.238693,776.9298846,1
34,37,6.16571427,0.073255301,0.227876061,0.049812111,0.90295003,0.03726499,175.245,0.826,4.913285094,0.157291305,3246.774478,432.7993518,0
34,40,5.230431831,0.142295982,0.128142325,0.080509805,0.356442907,0.131294055,174.527,0.434,8.294996,0.602070037,4454.585162,2434.779425,0
34,43,4.831341616,0.068652963,0.130319019,0.050921443,0.574204454,0.069926081,173.443,0.94,5.963848787,0.160454537,2639.994132,410.8914043,0
37,1,3.656090381,0.060641247,0.414260328,0.055529408,1.412318598,0.036654135,886.3433333,0.742333333,0.439441817,0.175424038,3373.575312,278.8277524,1
37,4,35.69153062,0.209180567,2.951663248,0.043091718,12.91756647,0.081571856,234.893,0.433,0.917050943,0.288079573,25009.77274,3905.805335,0
37,7,31.43489748,0.193990838,2.103374106,0.023467708,10.21891501,0.088183817,211.617,0.256,1.444836471,0.282677464,18762.56741,3152.658902,0
37,10,28.89322194,0.168538782,1.325226259,0.044239325,7.975493497,0.053013546,200.728,0.145,2.275813324,0.307219567,14542.92008,2980.796784,0
37,13,24.1973698,0.144137177,1.326504095,0.033933149,5.984816279,0.051975624,194.425,0.235,2.598850594,0.110449239,12455.30641,915.0304426,0
37,16,20.54883447,0.119120774,0.679470679,0.042897329,4.013880003,0.071352629,189.773,0.267,3.815156442,0.139828323,9537.948405,1086.877931,0
37,19,17.63833554,0.136367869,0.55604711,0.070075929,3.694152257,0.076277007,186.144,0.309,3.553314647,0.217634579,8029.080111,1405.524164,0
37,22,14.95254149,0.120959826,0.661381059,0.061374419,2.693208193,0.084994542,183.741,0.335,3.97110886,0.075158779,7578.975479,433.6784671,0
37,25,13.10206203,0.105303654,0.427383942,0.046369497,2.573859421,0.052772985,181.963,0.273,3.798618615,0.15039804,6057.72745,743.5333792,0
37,28,11.00790063,0.069427735,0.294972168,0.028192194,1.892795022,0.0397105,180.104,0.351,4.437510525,0.125171922,5038.662979,563.7814178,0
37,31,9.828493811,0.069628575,0.129435844,0.049084184,1.540984006,0.06314356,179.378,0.32,5.071290445,0.285076948,4062.706179,1242.798714,0
37,34,8.917841413,0.082624666,0.171451096,0.069516562,1.496193972,0.065881769,178.288,0.344,4.669785004,0.225070889,3853.044791,842.6302838,0
37,37,7.150148606,0.062158608,0.152112314,0.050468245,1.055581941,0.042756394,176.963,0.501,5.147932182,0.24134178,3250.711069,830.9072177,1
37,40,7.23746761,0.068239395,0.062637594,0.059470348,1.128461499,0.074565159,176.632,0.282,5.181217509,0.365751101,2835.134861,1187.439924,0
37,43,5.499091824,0.075240093,0.191246501,0.048191312,0.932491536,0.071524126,175.2165,0.599,4.694923236,0.130664025,2804.388491,320.2590957,1
40,1,3.487116562,0.058742031,0.453483452,0.057160923,1.414023641,0.036512483,886.36,0.733,0.160811489,0.138479663,3687.251658,232.3531955,0
40,4,37.52060495,0.226187377,2.900426912,0.056940864,14.0393487,0.101664849,235.078,0.723,0.842746149,0.361876376,26567.50374,5265.462569,0
40,7,35.09257199,0.217781963,2.563183354,0.060314372,11.27815196,0.092445316,211.22,0.356,1.430121419,0.224264524,21365.73452,2782.353992,0
40,10,31.89113216,0.200191487,1.610063419,0.049545299,9.058158496,0.071920053,200.166,0.192,2.115772641,0.281297358,16556.46833,3115.60337,0
40,13,26.47848056,0.157375885,1.183123974,0.050457705,6.267205188,0.0587582,194.096,0.111,2.891029176,0.168560802,12936.34814,1584.483153,0
40,16,22.71962808,0.133075191,0.894228007,0.04077471,4.750417258,0.0447504,189.459,0.218,3.451275888,0.117677461,10844.18859,990.7772009,0
40,19,19.01421857,0.121431178,1.118805058,0.049110989,3.676666446,0.046364094,186.337,0.104,3.483485547,0.182191901,10182.38888,1255.230289,0
40,22,16.35104325,0.107257016,0.414275228,0.041379685,2.832887782,0.061768988,184.52,0.147,4.430351751,0.152796042,7382.307007,1019.451363,0
40,25,13.98263985,0.101020889,0.520849197,0.056623051,2.616151148,0.063622616,182.603,0.169,3.926597835,0.048728224,6726.986938,262.4939202,0
40,28,12.09780578,0.093944814,0.341633193,0.051386049,2.375569523,0.06474904,181.471,0.122,3.865172252,0.208309028,5431.528985,954.812845,0
40,31,10.69731917,0.068954569,0.561834852,0.03774466,1.969072182,0.06897806,179.99,0.18,3.761834132,0.154522634,5631.158948,632.2160818,0
40,34,9.295241629,0.057938211,-0.183763435,0.046619082,1.149869399,0.046154323,179.687,0.194,6.92042753,1.047904682,1349.783175,5591.797405,0
40,37,8.134582941,0.051061915,0.076348567,0.051124379,1.208213852,0.048247797,178.681,0.176,5.382579269,0.325392256,3254.64766,1229.015084,0
40,40,7.962708442,0.069588414,0.178679349,0.122134224,1.360752856,0.035131582,177.801,0.272,4.536616045,0.181758997,3523.072978,614.9650953,0
40,43,6.166842033,0.081827223,0.252173982,0.04546118,1.290778618,0.073122171,176.99,0.258,3.425997685,0.100873513,2968.782851,229.6267871,0
43,1,4.174932127,0.040119457,0.022143937,0.06094322,1.974607378,0.062165429,886.032,0.852,0.519444374,1.176494307,2867.978323,1972.65948,0
43,4,40.43100844,0.31096322,3.700235467,0.081793303,14.81330718,0.125399276,234.838,0.41,0.8008942,0.243799317,29923.89929,3820.846166,0
43,7,38.08885625,0.236406761,2.793124557,0.044035809,12.26266762,0.089107947,211.251,0.258,1.421007317,0.223995021,23245.43383,3018.450294,0
43,10,32.85428336,0.199877832,1.432414026,0.066441936,9.548788361,0.067263629,199.949,0.116,2.098965456,0.379360752,16636.9006,4165.802912,0
43,13,28.27438891,0.179336368,1.334281056,0.010913071,7.172563629,0.084436889,193.98,0.091,2.589939375,0.206490467,14072.84581,2042.937664,0
43,16,25.41652171,0.201842464,1.240285657,0.068675993,5.441442474,0.074061405,190.019,0.135,3.230601216,0.032511619,12729.52284,296.4899642,0
43,19,21.50836943,0.127878853,1.218747669,0.075529629,4.594437984,0.070962218,187.312,0.061,3.135684688,0.05530504,11195.70285,422.1175113,0
43,22,17.87365399,0.10572967,0.632667438,0.025894484,3.101925511,0.047685109,184.953,0.149,4.258335283,0.009339192,8681.184385,67.18328351,0
43,25,16.3447817,0.10097814,0.752817274,0.070318942,2.941308321,0.065890388,184.048,0.157,3.94664596,0.099424199,8372.538347,623.9664242,0
43,28,13.84210116,0.08538345,0.412869907,0.040979925,2.168982647,0.031887839,182.248,0.173,4.768904632,0.006740611,6703.268642,40.35833184,0
43,31,11.294076,0.074854107,0.320767144,0.044955495,1.864643603,0.036805885,181.314,0.175,4.578684555,0.069598285,5303.498188,329.1238191,0
43,34,10.49443061,0.063958514,0.096601797,0.055908761,1.471308972,0.038477253,180.675,0.16,5.642773103,0.284244794,4257.658753,1518.222638,0
43,37,9.653286668,0.097844135,0.414889371,0.044286109,1.98369292,0.049691474,179.943,0.166,3.470088381,0.060444521,4713.318218,215.5797553,0
43,40,9.898617703,0.110728016,0.545233811,0.063061232,1.986572463,0.050739589,179.578,0.144,3.394680034,0.100921824,5165.104431,361.3616329,0
43,43,8.072193319,0.082895561,0.820766012,0.04685535,1.361505706,0.047006095,179.03,0.283,3.361207493,0.743867399,5275.646947,2269.602733,0
